-- MySQL dump 10.13  Distrib 8.0.32, for Win64 (x86_64)
--
-- Host: localhost    Database: travelam
-- ------------------------------------------------------
-- Server version	8.0.32

/*!40101 SET @OLD_CHARACTER_SET_CLIENT=@@CHARACTER_SET_CLIENT */;
/*!40101 SET @OLD_CHARACTER_SET_RESULTS=@@CHARACTER_SET_RESULTS */;
/*!40101 SET @OLD_COLLATION_CONNECTION=@@COLLATION_CONNECTION */;
/*!50503 SET NAMES utf8mb4 */;
/*!40103 SET @OLD_TIME_ZONE=@@TIME_ZONE */;
/*!40103 SET TIME_ZONE='+00:00' */;
/*!40014 SET @OLD_UNIQUE_CHECKS=@@UNIQUE_CHECKS, UNIQUE_CHECKS=0 */;
/*!40014 SET @OLD_FOREIGN_KEY_CHECKS=@@FOREIGN_KEY_CHECKS, FOREIGN_KEY_CHECKS=0 */;
/*!40101 SET @OLD_SQL_MODE=@@SQL_MODE, SQL_MODE='NO_AUTO_VALUE_ON_ZERO' */;
/*!40111 SET @OLD_SQL_NOTES=@@SQL_NOTES, SQL_NOTES=0 */;

--
-- Table structure for table `country`
--

DROP TABLE IF EXISTS `country`;
/*!40101 SET @saved_cs_client     = @@character_set_client */;
/*!50503 SET character_set_client = utf8mb4 */;
CREATE TABLE `country` (
  `id` int NOT NULL AUTO_INCREMENT,
  `countryName` varchar(255) NOT NULL,
  `description` text NOT NULL,
  `additionInfo` varchar(255) NOT NULL,
  `demoImage` varchar(255) NOT NULL,
  PRIMARY KEY (`id`)
) ENGINE=InnoDB AUTO_INCREMENT=15 DEFAULT CHARSET=utf8mb4 COLLATE=utf8mb4_0900_ai_ci;
/*!40101 SET character_set_client = @saved_cs_client */;

--
-- Dumping data for table `country`
--

LOCK TABLES `country` WRITE;
/*!40000 ALTER TABLE `country` DISABLE KEYS */;
INSERT INTO `country` VALUES (1,'United States','The United States of America, often referred to as the USA, is a vast and dynamic nation encompassing 50 states, each with its own distinct character. From the towering skyscrapers of Manhattan to the sun-drenched beaches of California, the USA is a land of contrasts and opportunities. Immerse yourself in the cultural diversity of cities like Los Angeles, experience the historical significance of Washington, D.C., and explore the natural wonders of Yellowstone National Park. Whether you are drawn to the glamour of Hollywood, the tech innovation of Silicon Valley, or the jazz-filled streets of New Orleans, the USA has something to offer every traveler.','Diverse landscapes, vibrant cities, iconic landmarks, cultural festivals, outdoor adventures, diverse cuisine, historical significance, world-class entertainment, technological innovation, entrepreneurial spirit, national parks','https://www.goworldtravel.com/wp-content/uploads/2020/03/travel-landscapes-usa.jpg'),(2,'Japan','Japan, an archipelago in East Asia, is a captivating blend of ancient traditions and cutting-edge modernity. From the historic shrines of Kyoto to the neon-lit streets of Tokyo, Japan invites you on a journey through time. Indulge in the artistry of traditional tea ceremonies, witness the breathtaking beauty of Mount Fuji, and navigate the bustling markets of Osaka. With a deep appreciation for nature and a commitment to technological advancement, Japan offers a unique and harmonious travel experience.','Zen gardens, traditional arts, futuristic technology, efficient public transportation, cherry blossom festivals, anime culture, onsens, capsule hotels, polite etiquette, Shinto shrines, karaoke culture','https://dynamic-media-cdn.tripadvisor.com/media/photo-o/26/97/39/7f/caption.jpg?w=1200&h=-1&s=1&cx=1920&cy=1080&chk=v1_f31158e4bb953d28a308'),(3,'Australia','Australia, the land Down Under, is a continent of diverse landscapes and vibrant culture. From the otherworldly beauty of the Outback to the pristine beaches of the Gold Coast, Australia is a playground for nature lovers and adventure seekers alike. Dive into the Great Barrier Reefs mesmerizing underwater world, explore the ancient Indigenous heritage, and savor the multicultural flavors of Melbournes culinary scene. Australias laid-back lifestyle, friendly locals, and commitment to environmental conservation make it a destination that leaves a lasting impact.','Aboriginal culture, surfing paradise, unique wildlife encounters, multicultural communities, Indigenous art, outdoor barbecue culture, sports enthusiasm, Great Ocean Road, eco-friendly initiatives, adventurous activities, wine regions','https://images7.alphacoders.com/716/716104.jpg'),(4,'Brazil','Brazil, the largest country in South America, is a kaleidoscope of colors, rhythms, and natural wonders. From the pulsating energy of Rio de Janeiros Carnival to the tranquility of the Amazon rainforest, Brazil offers a sensory journey like no other. Engage in the lively samba dance, taste the diverse flavors of Brazilian cuisine, and witness the awe-inspiring Iguazu Falls. With a melting pot of cultures and a passion for celebration, Brazil invites you to experience its warmth, vitality, and breathtaking landscapes.','Carnival spirit, Amazon river cruises, caipirinha cocktails, football passion, diverse music genres, colorful street art, tropical rainforest adventures, diverse ecosystems, traditional churrasco, vibrant street markets, Capoeira','https://i.ytimg.com/vi/vlxqterQMhs/maxresdefault.jpg'),(5,'South Africa','South Africa, a rainbow nation at the southern tip of Africa, is a treasure trove of natural beauty and cultural heritage. From the majestic Table Mountain overlooking Cape Town to the wild savannas of Kruger National Park, South Africa boasts a diverse tapestry of landscapes. Embark on thrilling wildlife safaris, delve into the history of apartheid in Johannesburg, and relax on the golden beaches of Durban. The warmth and friendliness of the locals add an extra layer of charm to the rich, multicultural experience awaiting you in South Africa.','Township experiences, Big Five safaris, Nelson Mandelas legacy, diverse languages, Cape Winelands, apartheid history tours, Garden Route exploration, rugby culture, Biltong snacks, stunning coastal drives, Zulu traditions','https://wallpapercave.com/wp/wp1842994.jpg'),(6,'France','France, the epitome of sophistication and romance, is a country that invites you to savor the finer things in life. From the enchanting boulevards of Paris to the rolling vineyards of Bordeaux, France is a celebration of art, culture, and culinary excellence. Indulge in the exquisite flavors of French cuisine, admire the masterpieces at the Louvre, and stroll through charming villages in Provence. With a legacy of artistic brilliance, architectural marvels, and a culinary heritage that tantalizes the taste buds, France is a destination that promises an unforgettable journey.','Fashion capital, culinary excellence, vineyard tours, French Riviera glamour, literary history, artistic inspiration, canal cruises, high-speed trains, charming cafes, historic chateaux, sophisticated shopping','https://www.wallpaperflare.com/static/615/284/1019/city-paris-france-tower-wallpaper.jpg'),(7,'India','India is a vast and diverse country in South Asia, known for its ancient history, cultural heritage, and spirituality.','Explore the vibrant festivals, diverse cuisine, and architectural wonders.','https://media.istockphoto.com/id/1146517111/photo/taj-mahal-mausoleum-in-agra.jpg?b=1&s=612x612&w=0&k=20&c=3PEobOthDnogYweVRbKoRqf7-p1aB6UQvKXSyYdDmVY='),(8,'Canada','Canada is a country in North America, famous for its stunning natural landscapes, friendly people, and winter sports.','Enjoy outdoor activities, maple syrup, and the beauty of the northern lights.','https://media.timeout.com/images/105239979/750/422/image.jpg'),(9,'China','China is a country in East Asia, known for its ancient history, diverse landscapes, and modern development.','Explore the Great Wall, traditional Chinese medicine, and delicious cuisine.','https://images2.alphacoders.com/707/707504.jpg'),(10,'Mexico','Mexico is a country in North America, known for its rich culture, ancient civilizations, and beautiful beaches.','Discover the vibrant traditions, mariachi music, and delicious street food.','https://static.toiimg.com/photo/msid-44970723,width-96,height-65.cms');
/*!40000 ALTER TABLE `country` ENABLE KEYS */;
UNLOCK TABLES;

--
-- Table structure for table `customer`
--

DROP TABLE IF EXISTS `customer`;
/*!40101 SET @saved_cs_client     = @@character_set_client */;
/*!50503 SET character_set_client = utf8mb4 */;
CREATE TABLE `customer` (
  `id` int NOT NULL AUTO_INCREMENT,
  `name` varchar(255) NOT NULL,
  `cardNo` varchar(255) DEFAULT NULL,
  `address` varchar(255) DEFAULT NULL,
  `phoneNumber` varchar(255) DEFAULT NULL,
  `email` varchar(255) NOT NULL,
  `passport` varchar(255) DEFAULT NULL,
  PRIMARY KEY (`id`)
) ENGINE=InnoDB DEFAULT CHARSET=utf8mb4 COLLATE=utf8mb4_0900_ai_ci;
/*!40101 SET character_set_client = @saved_cs_client */;

--
-- Dumping data for table `customer`
--

LOCK TABLES `customer` WRITE;
/*!40000 ALTER TABLE `customer` DISABLE KEYS */;
/*!40000 ALTER TABLE `customer` ENABLE KEYS */;
UNLOCK TABLES;

--
-- Table structure for table `destination`
--

DROP TABLE IF EXISTS `destination`;
/*!40101 SET @saved_cs_client     = @@character_set_client */;
/*!50503 SET character_set_client = utf8mb4 */;
CREATE TABLE `destination` (
  `id` int NOT NULL AUTO_INCREMENT,
  `name` varchar(255) NOT NULL,
  `country_id` int NOT NULL,
  `description` text NOT NULL,
  `additionInfo` varchar(255) NOT NULL,
  `demoImage` varchar(255) DEFAULT '',
  PRIMARY KEY (`id`),
  KEY `country_id` (`country_id`),
  CONSTRAINT `destination_ibfk_1` FOREIGN KEY (`country_id`) REFERENCES `country` (`id`) ON DELETE CASCADE ON UPDATE CASCADE
) ENGINE=InnoDB AUTO_INCREMENT=51 DEFAULT CHARSET=utf8mb4 COLLATE=utf8mb4_0900_ai_ci;
/*!40101 SET character_set_client = @saved_cs_client */;

--
-- Dumping data for table `destination`
--

LOCK TABLES `destination` WRITE;
/*!40000 ALTER TABLE `destination` DISABLE KEYS */;
INSERT INTO `destination` VALUES (1,'Paris',6,'Paris, the capital of France, is an enchanting city that beckons with its timeless beauty and cultural richness. Beyond its iconic landmarks, Paris is a tapestry of art, history, and culinary delights. Stroll along the Seine River, immerse yourself in world-renowned museums, and savor the exquisite flavors of French cuisine in charming bistros. From the historic cobblestone streets of Le Marais to the grandeur of the Notre-Dame Cathedral, Paris is a city that captures the hearts of all who visit.','Best experience, Delicious food, Art museums, River Seine cruises, Champs-Élysées shopping, Literary history, Fashion districts, Romantic ambiance','https://res.klook.com/image/upload/Mobile/City/swox6wjsl5ndvkv5jvum.jpg'),(2,'Louvre Museum',6,'The Louvre Museum, situated on the right bank of the Seine River in Paris, is a masterpiece in itself. As you step into the grand courtyard of the Louvre, you are transported into a world of artistic wonders spanning centuries. Housing over 35,000 works of art, including the enigmatic Mona Lisa, the Louvre invites you on a journey through human creativity. From the intricacies of ancient civilizations to the brushstrokes of the Renaissance, each gallery holds a story waiting to be discovered.','Art masterpiece collection, Historical significance, Guided tours, Interactive exhibits, Architectural marvels, Sculpture garden, Art workshops','https://cdn.britannica.com/01/150801-050-3072D42F/Louvre-Museum-pyramid-Paris-Pei-IM.jpg'),(3,'Versailles Palace',6,'The Palace of Versailles, a testament to opulence and royal grandeur, stands as an emblem of France\'s golden age. This architectural marvel, nestled in the picturesque suburbs of Paris, invites you to step back in time. Explore the grandeur of the palace, stunning gardens, and Hall of Mirrors. Step back in time to an era of royal extravagance and discover the stories behind this architectural masterpiece.','Royal history, Ornate gardens, Musical fountain shows, Carriage museum, Private apartments tour, Nighttime events, Marie Antoinette\'s estate','https://en.chateauversailles.fr/sites/default/files/c3_1.jpg'),(4,'Montmartre',6,'Montmartre, the bohemian heart of Paris, is a neighborhood that resonates with artistic energy and romantic allure. As you ascend the cobblestone streets to the summit, you\'ll be greeted by the iconic Basilica of the Sacred Heart, offering panoramic views of the city below. Wander through narrow alleys adorned with vibrant street art, pause at bustling cafés where Picasso once sought inspiration, and feel the heartbeat of Parisian creativity. Montmartre is not merely a place; it\'s an artistic symphony that continues to captivate.','Artistic atmosphere, Cafés, Street performers, Art studios, Bohemian markets, Moulin Rouge cabaret, Local galleries, Hidden gems','https://blushrougette.com/wp-content/uploads/2021/07/sacre-coeur-basilica-paris.jpg'),(5,'Sainte-Chapelle',6,'Sainte-Chapelle, a jewel of Gothic architecture nestled within the heart of Paris, is a testament to the divine beauty of stained glass. Commissioned by King Louis IX, this celestial sanctuary invites you into a realm of kaleidoscopic light and intricate craftsmanship. As sunlight dances through the vibrant panes, biblical stories come to life in a breathtaking display. Sainte-Chapelle is more than a religious edifice; it\'s a luminous testament to the intersection of faith and art, where the divine meets the mortal gaze.','Architectural beauty, Stained glass art, Guided tours, Classical music concerts, Spiritual retreat, Historical significance, Illuminated evenings','https://loc-hall.fr/wp-content/uploads/2021/11/La-sainte-Chapelle-vue-exterieure-1.jpg.webp'),(6,'Statue of Liberty',1,'The Statue of Liberty, standing tall on Liberty Island in New York Harbor, is a beacon of freedom and democracy. Gifted by France to the United States, Lady Liberty has become an enduring symbol of hope and resilience. As you approach her, marvel at the intricate details of her crown and torch. Embark on a journey to the crown for unparalleled views of the city skyline. The Statue of Liberty is not merely a monument; she is a guardian, watching over the dreams and aspirations of all who gaze upon her.','Historical landmark, Immigration symbol, Liberty Island ferry, Crown access tour, Ellis Island Museum, Statue of Liberty Museum, Nighttime illumination, Educational programs','https://cloudfront-us-east-1.images.arcpublishing.com/advancelocal/VKFZOBUTVNFNVBUKSS77AKAKTI.JPEG'),(7,'Grand Canyon National Park',1,'Grand Canyon National Park, a geological masterpiece carved by the mighty Colorado River, is a testament to the Earth\'s enduring beauty. As you stand on the rim, the vastness of the canyon unfolds before you, revealing a kaleidoscope of colors and rock formations that defy imagination. Whether you embark on a challenging hike down into the canyon or simply savor the views from the rim, the Grand Canyon is a journey through time, where each layer of rock tells a story millions of years in the making.','Spectacular views, Hiking trails, Colorado River rafting, Havasu Falls trek, Star-gazing programs, Grand Canyon Village, Wildlife photography, South Rim viewpoints','https://npca.s3.amazonaws.com/images/8706/591ff182-b7f9-4da1-9c16-c29e0ace3dc4-banner.jpg?1445970338'),(8,'Disneyland Resort',1,'Disneyland Resort in California, the magical kingdom where dreams come to life, is a celebration of joy and fantasy. As you step through the iconic gates, you\'re transported into a world of enchanting rides, captivating shows, and beloved Disney characters. From the whimsical spires of Sleeping Beauty Castle to the futuristic allure of Tomorrowland, Disneyland is a realm where imagination knows no bounds. It\'s not just an amusement park; it\'s a sanctuary of wonder and delight for the young and young at heart.','Family-friendly, Magical atmosphere, Character meet-and-greets, Parades, Nighttime spectaculars, Dining with Disney characters, Exclusive experiences, Thrilling rides','https://wallpapers.com/images/hd/animated-disney-castle-has6vy47k75d0bzs.jpg'),(9,'Yellowstone Falls',1,'Yellowstone Falls, a mesmerizing cascade within the heart of Yellowstone National Park, is nature\'s symphony of power and beauty. Whether you witness the thunderous roar of the Lower Falls or the delicate veil of the Upper Falls, each moment is a testament to the park\'s diverse and awe-inspiring ecosystem. Hike along the scenic trails, marvel at the geothermal wonders, and embrace the serenity of the wilderness. Yellowstone Falls is not just a waterfall; it\'s a poetic expression of nature\'s grandeur.','Scenic beauty, Wildlife spotting, Hiking trails, Geothermal features, Yellowstone River, Artist Point, Canyon Village, Photography opportunities','https://c4.wallpaperflare.com/wallpaper/824/450/363/yellowstone-falls-wallpaper-preview.jpg'),(10,'Miami Beach',1,'Miami Beach, a vibrant coastal paradise on the shores of Florida, is a sensory delight of sun, sea, and style. As you sink your toes into the white sandy beaches, the vibrant energy of Miami comes alive. From the iconic pastel-hued Art Deco architecture to the lively nightlife of South Beach, Miami Beach is a fusion of relaxation and excitement. Indulge in the cultural mosaic of Cuban influences, savor exquisite cuisine, and let the rhythmic beats of the city guide your every step.','Beach paradise, Art Deco district, Water sports, Ocean Drive nightlife, Cuban cuisine, Wynwood Walls art district, Boat tours, Fashion boutiques','https://images8.alphacoders.com/880/thumb-1920-880550.jpg'),(11,'Tokyo Disneyland',2,'Tokyo Disneyland, nestled in the bustling metropolis of Tokyo, is a spellbinding fusion of Japanese hospitality and Disney magic. As you explore the park, encounter unique attractions, parades, and the enchanting Cinderella Castle. Immerse yourself in the vibrant atmosphere of Japanese Disney culture, where tradition and fantasy harmoniously coexist. Tokyo Disneyland is not just an amusement park; it\'s a cultural crossroads where the East meets the enchantment of the West.','Japanese Disney magic, Character meet-ups, Traditional snacks, Tokyo Disneyland Hotel, Nighttime spectaculars, Seasonal events, Disney merchandise, Parade viewing spots','https://media2.tokyodisneyresort.jp/home/common/og_image.jpg'),(12,'Mount Fuji',2,'Mount Fuji, Japan\'s iconic and sacred peak, stands as a silent sentinel against the horizon. As you venture closer, the symmetrical perfection of Mount Fuji unfolds, inviting you to explore its cultural significance and breathtaking landscapes. Whether you embark on a pilgrimage hike, witness the sunrise from the summit, or simply admire the mountain from afar, Mount Fuji is a spiritual journey and a testament to Japan\'s deep connection with nature.','Cultural landmark, Hiking adventure, Fuji Five Lakes, Hot springs, Cherry blossom viewing, Cultural festivals, Fuji Subaru Line 5th Station, Mount Fuji museums','https://c4.wallpaperflare.com/wallpaper/611/69/87/japan-mountains-mount-fuji-asian-architecture-wallpaper-preview.jpg'),(13,'Kyoto Temples',2,'Kyoto Temples, scattered throughout the ancient city of Kyoto, are living testaments to Japan\'s rich cultural heritage. As you meander through the historic lanes, each temple unveils a chapter of Japanese history, adorned with serene Zen gardens and sacred rituals. Immerse yourself in the tranquility of these spiritual sanctuaries, where the echoes of prayer and the fragrance of incense create an atmosphere of timeless beauty and contemplation.','Historical temples, Zen gardens, Tea ceremonies, Gion district, Traditional crafts, Maiko and Geisha culture, Arashiyama Bamboo Grove, Kimono rental','https://w0.peakpx.com/wallpaper/898/965/HD-wallpaper-kyoto-japan-temple-city-buildings-houses.jpg'),(14,'Osaka Castle',2,'Osaka Castle, a formidable fortress rising in the heart of Osaka, is a testament to Japan\'s feudal past and architectural prowess. Traverse through time as you explore the castle\'s towering walls, visit the museum, and ascend to the observation deck for panoramic views of Osaka. Immerse yourself in the historical narrative of samurai legends and vibrant cultural traditions that make Osaka Castle an enduring symbol of Japan\'s resilience and grandeur.','Historical landmark, Museum visit, Cherry blossom season, Nishinomaru Garden, Osaka Castle Park, Samurai and ninja experiences, Osaka Museum of History, Castle illumination','https://images7.alphacoders.com/976/976737.jpg'),(15,'Hiroshima Peace Memorial',2,'Hiroshima Peace Memorial, also known as the Atomic Bomb Dome, stands as a poignant tribute to the resilience of the human spirit in the face of tragedy. As you stand before this UNESCO World Heritage Site, absorb the historical significance and the symbolic call for a world free from nuclear conflict. Explore the adjacent Peace Memorial Park, where each monument tells a story of remembrance and hope for a peaceful future.','Historical significance, Peaceful reflection, Hiroshima Peace Memorial Museum, Hiroshima Castle, Shukkeien Garden, Okonomiyaki dining, Miyajima Island day trip, A-Bomb Dome illumination','https://gaijinpot.scdn3.secure.raxcdn.com/app/uploads/sites/6/2016/08/A-Bomb-Dome-Hiroshima--1024x683.jpg'),(16,'Great Barrier Reef',3,'The Great Barrier Reef, a mesmerizing underwater realm off the coast of Australia, is a living kaleidoscope of vibrant coral formations and diverse marine life. Immerse yourself in the crystal-clear waters to witness the intricate dance of marine biodiversity. Snorkel or dive into this UNESCO World Heritage Site for an unforgettable encounter with the wonders beneath the waves.','Marine biodiversity, Snorkeling paradise, Coral conservation efforts, Guided diving tours, Underwater photography, Coral bleaching awareness, Indigenous marine protection initiatives','https://wallpaperaccess.com/full/1151171.jpg'),(17,'Sydney Opera House',3,'The Sydney Opera House, an architectural masterpiece nestled along the harbor, is not just a cultural icon; its a symphony of design and cultural significance. Explore the sails that grace the skyline and attend a performance within its hallowed halls. Take a guided tour to unravel the stories behind this marvel, celebrating its role in shaping the artistic narrative of Sydney and the world.','Architectural marvel, Cultural performances, Behind-the-scenes tours, Opera and ballet experiences, Indigenous art exhibitions, Waterfront dining, Sunset performances, Sydney Harbour Bridge views','https://images4.alphacoders.com/743/743533.jpg'),(18,'Uluru-Kata Tjuta National Park',3,'Uluru, also known as Ayers Rock, stands as a sacred monolith in the heart of Australia, surrounded by the awe-inspiring landscapes of Uluru-Kata Tjuta National Park. As you explore this red desert expanse, discover not only the geological marvel of Uluru but also the rich tapestry of Aboriginal heritage woven into the land. Engage in guided tours to gain insights into ancient stories and the spiritual significance of this UNESCO-listed site.','Aboriginal heritage, Red desert landscapes, Indigenous storytelling, Guided cultural walks, Stargazing experiences, Indigenous art workshops, Cameldrive adventures, Tjukurpa teachings','https://dynamic-media-cdn.tripadvisor.com/media/photo-o/1b/59/0d/13/caption.jpg?w=600&h=400&s=1'),(19,'Great Ocean Road',3,'The Great Ocean Road, a scenic coastal masterpiece in Australia, unfolds like a visual poem along the Southern Ocean. Embark on a journey where every twist and turn reveals breathtaking views of towering cliffs, golden beaches, and the iconic Twelve Apostles. Traverse this coastal drive to witness the raw beauty of Australia\'s coastline, capturing the essence of nature\'s grandeur.','Coastal drive, Natural wonders, Twelve Apostles viewpoints, Shipwreck Coast history, Surfing hotspots, Rainforest walks, Local seafood experiences, Sunset vistas','https://pixelz.cc/wp-content/uploads/2016/11/great-ocean-road-victoria-australia-4k-wallpaper.jpg'),(20,'Bondi Beach',3,'Bondi Beach, a haven for surfers and sun-seekers, epitomizes the laid-back coastal vibe of Australia. The golden sands stretch as far as the eye can see, inviting you to relax, take a surf lesson, and soak up the vibrant atmosphere. Dive into the beachside cafes, where the scent of saltwater mingles with the aromas of world-class cuisine, creating an irresistible blend of surf culture and beach vibes.','Surfing paradise, Beach vibes, Coastal walks, Surfing competitions, Beach yoga sessions, Beachside dining, Local art markets, Bondi to Coogee coastal walk','https://c0.wallpaperflare.com/preview/252/37/114/australia-bondi-beach-bondi-icebergs-pool-pool.jpg'),(21,'Christ the Redeemer',4,'Christ the Redeemer, the iconic statue atop Corcovado Mountain in Rio de Janeiro, transcends its role as a spiritual landmark; it is a beacon of serenity and panoramic beauty. As you ascend to this marvel, the sprawling city unfolds beneath, offering unparalleled views. This monumental masterpiece invites you not only to witness the cityscape but to feel the spiritual embrace that echoes through the hills.','Spiritual landmark, City views, Sunset visits, Helicopter tours, Cultural significance, Christ the Redeemer history, Nighttime illumination, Photography excursions','https://images7.alphacoders.com/359/359867.jpg'),(22,'Copacabana Beach',4,'Copacabana Beach, a world-renowned stretch of golden sands in Rio de Janeiro, is more than a beach; its a canvas of vibrant energy and endless possibilities. Feel the pulse of the lively atmosphere as you relax on the iconic shores, where beach sports and sun-drenched days seamlessly blend. Copacabana is not just a beach; its a dynamic celebration of sun, sea, and the spirited essence of Brazilian culture.','Beach paradise, Vibrant energy, Beach volleyball, Surfing lessons, Beachside markets, Samba beach parties, Fresh coconut vendors, Nighttime beach events','https://c4.wallpaperflare.com/wallpaper/231/797/294/beach-brazil-copacabana-night-wallpaper-preview.jpg'),(23,'Iguazu Falls',4,'Iguazu Falls, a breathtaking natural wonder straddling the border of Brazil and Argentina, is a symphony of cascading water amidst lush rainforest. Venture into this natures spectacle to witness the sheer power and beauty of the falls. Engage in waterfall adventures, exploring walkways that offer immersive views and glimpses of diverse wildlife in this UNESCO-listed paradise.','Natures spectacle, Waterfall adventure, Boat excursions, Wildlife encounters, Moonlight walks, Birdwatching tours, Jungle safaris, Indigenous folklore','https://w0.peakpx.com/wallpaper/447/579/HD-wallpaper-iguazu-falls-waterfall-nature-iguazu-other.jpg'),(24,'Amazon Rainforest',4,'The Amazon Rainforest in Brazil, the worlds largest tropical rainforest, is a canvas of greenery pulsating with life. Embark on an eco-tourism journey to explore this cradle of biodiversity, where unique wildlife and lush vegetation coexist. Engage in guided tours that unveil the secrets of the rainforest, from the mighty Amazon River to the canopy above, fostering an appreciation for the delicate balance of this extraordinary ecosystem.','Eco-tourism, Wildlife exploration, Canopy walks, River cruises, Indigenous community visits, Medicinal plant discoveries, Nighttime jungle safaris, Sustainability initiatives','https://www.andbeyond.com/wp-content/uploads/sites/5/Amazon-Rain-Forest.jpg'),(25,'Carnival in Rio',4,'Experience the vibrant Carnival in Rio de Janeiro, a cultural extravaganza that transcends the boundaries of music, dance, and colorful parades. Immerse yourself in the rhythmic beats of samba, vibrant costumes, and the infectious energy that fills the streets. This world-famous celebration is not just an event; its a kaleidoscope of Brazilian culture that invites you to join the festivities and become part of the spectacle.','Cultural extravaganza, Samba rhythms, Carnival history, Street parties, Samba school parades, Costume workshops, Carnival cuisine, Carnival balls','https://southjets.com/wp-content/uploads/2019/02/Carnaval-en-Rio-de-Janeiro-la-fiesta-de-carnaval-mas-grande-del-mundo.jpg'),(26,'Table Mountain',5,'Table Mountain, a majestic landmark overlooking Cape Town, is more than a geographical wonder; its a canvas of scenic beauty and adventure. Whether you ascend via a cable car or embark on a hiking adventure, the summit offers panoramic views of the city, ocean, and surrounding landscapes. Table Mountain is a sanctuary where nature and urban allure converge, inviting you to explore its trails and embrace the allure of the Cape Peninsula.','Scenic beauty, Hiking adventure, Cable car experiences, Full moon hikes, Birdwatching, Abseiling adventures, Sunset picnics, Table Mountain National Park','https://i.pinimg.com/originals/e4/07/75/e4077595145db3a264436a8cbc7e75e8.jpg'),(27,'Kruger National Park',5,'Kruger National Park, one of Africas premier safari destinations, beckons with the allure of wildlife encounters and untamed landscapes. Embark on a wildlife safari amidst the vast expanse of the park, where the Big Five roam freely. Immerse yourself in the magic of the bushveld, from sunrise game drives to starlit nights, creating memories that resonate with the primal rhythm of the African wilderness.','Wildlife safari, Conservation area, Guided game drives, Bushwalk safaris, Stargazing experiences, Birding safaris, Luxury safari lodges, Rhino conservation initiatives','https://wallpapercave.com/wp/wp2538125.jpg'),(28,'Robben Island',5,'Robben Island, a UNESCO World Heritage Site near Cape Town, is not just a historical landmark; its a living testament to South Africa\'s journey from oppression to resilience. Venture to this island to explore the former prison where Nelson Mandela was held captive and gain insights into the complexities of South Africas apartheid history. Robben Island is a pilgrimage of remembrance, a place where history whispers in the winds off the Atlantic.','Historical landmark, Apartheid history, Guided prison tours, Mandela legacy, Ferry excursions, Cape Town city views, Lighthouse exploration, Anti-apartheid struggle narratives','https://dynamic-media-cdn.tripadvisor.com/media/photo-o/17/a4/f2/14/robben-islandhas-been.jpg?w=1200&h=-1&s=1'),(29,'Blyde River Canyon',5,'Blyde River Canyon, a breathtaking natural wonder in South Africa, beckons with its lush greenery, towering red cliffs, and panoramic views. Traverse the rim of the canyon to witness natures beauty unfolding in every direction. Engage in canyon exploration, from hiking trails that lead to hidden viewpoints to boat excursions offering a unique perspective of the canyons geological formations.','Canyon exploration, Natures beauty, God\'s Window viewpoints, Three Rondavels, Boat trips, Panorama Route drives, Bourke\'s Luck Potholes, Kadishi Tufa waterfall','https://i.pinimg.com/736x/8e/3f/17/8e3f173a01a91fea92f7f64296e8a9f7.jpg'),(30,'Victoria & Alfred Waterfront',5,'The Victoria & Alfred Waterfront in Cape Town is a vibrant harbor area that transcends the traditional definition of a waterfront. Explore the mix of historical charm and contemporary energy as you wander through shops, dine at waterfront restaurants, and immerse yourself in cultural attractions. This lively waterfront is not just a shopping and dining destination; it\'s a cultural and entertainment hub that invites you to experience Cape Town\'s dynamic spirit.','Shopping, Dining, Cultural experiences, Waterside promenades, Ferris wheel rides, Maritime history tours, Two Oceans Aquarium, Artisanal craft markets','https://www.capetourism.com/wp-content/uploads/2023/01/cape-town-va-waterfront.jpg'),(31,'Taj Mahal',7,'The Taj Mahal, a UNESCO World Heritage Site located in Agra, is an iconic symbol of love and architectural brilliance. Built by Emperor Shah Jahan in memory of his wife Mumtaz Mahal, this white marble mausoleum is a masterpiece of Mughal architecture. Explore the intricately designed gardens, marvel at the stunning marble domes, and immerse yourself in the historical and romantic aura of this timeless monument.','Architectural marvel, UNESCO World Heritage Site, Love story, Mughal architecture, Intricate gardens, Marble domes, Historical significance','https://imagescdn.pystravel.vn/uploads/posts/avatar/1644316230.jpg'),(32,'Jaipur City Palace',7,'The City Palace in Jaipur is a majestic complex that beautifully blends Rajput, Mughal, and European architectural styles. Explore the royal chambers, intricate courtyards, and the breathtaking Peacock Gate. With its rich history and opulent design, Jaipur City Palace offers a glimpse into the royal heritage of Rajasthan.','Royal architecture, Blend of styles, Peacock Gate, Courtyards, Rajput heritage, Mughal influence, European design','https://dynamic-media-cdn.tripadvisor.com/media/photo-o/13/96/8a/82/this-is-the-time-when.jpg?w=1200&h=1200&s=1'),(33,'Varanasi Ghats',7,'Varanasi, situated on the banks of the sacred Ganges River, is known for its ghats that host religious ceremonies and rituals. Witness the spiritual ambiance, take a boat ride along the Ganges, and experience the profound connection between spirituality and daily life in Varanasi.','Sacred Ganges River, Spiritual ambiance, Religious ceremonies, Boat ride, Ghats, Cultural immersion','https://www.tripsavvy.com/thmb/tJ6ruJDKISZf3tZn6jx__HeMUMY=/1500x0/filters:no_upscale():max_bytes(150000):strip_icc()/GettyImages-128253674-592156025f9b58f4c0d79bfd.jpg'),(34,'Rishikesh and Haridwar',7,'Rishikesh and Haridwar, located in the Himalayan foothills, are renowned for their spiritual significance and scenic beauty. Explore the ashrams in Rishikesh, witness the Ganga Aarti in Haridwar, and experience the tranquil environment of these two spiritually charged destinations.','Spiritual significance, Himalayan foothills, Ashrams, Ganga Aarti, Scenic beauty, Tranquil environment','https://www.tourmyindia.com/socialimg/haridwar-and-rishikesh-tour.webp'),(35,'Kerala Backwaters',7,'The backwaters of Kerala offer a serene and picturesque landscape with interconnected rivers, lakes, and canals. Experience a houseboat cruise, witness traditional art forms, and immerse yourself in the tranquil beauty of this South Indian paradise.','Serene landscape, Houseboat cruise, Traditional art forms, Backwater network, South Indian paradise, Kerala culture','https://media2.thrillophilia.com/images/photos/000/012/947/original/1513318534_India_Sea_Ships_450719.jpg?gravity=center&width=1280&height=642&crop=fill&quality=auto&fetch_format=auto&flags=strip_profile&format=jpg&sign_url=true'),(36,'Banff National Park',8,'Banff National Park, nestled in the Canadian Rockies, is a pristine wilderness and a haven for outdoor enthusiasts. The park boasts stunning mountain landscapes, turquoise lakes, and diverse wildlife. Explore the picturesque town of Banff, embark on scenic hikes, and witness the beauty of Lake Louise. With opportunities for wildlife spotting and outdoor adventures, Banff National Park offers a true escape into the heart of nature.','Mountain landscapes, Turquoise lakes, Outdoor adventures, Wildlife spotting, Scenic hikes, Lake Louise, Banff town, Canadian Rockies','https://media.cntraveler.com/photos/5bbe66816477eb358f143759/master/w_1600%2Cc_limit/Fairmont-Banff-Springs__2018_BSH-548.jpg'),(37,'Niagara Falls',8,'Niagara Falls, one of the natural wonders of the world, is a breathtaking spectacle located on the border of Canada and the United States. Experience the sheer power and beauty of the falls from various vantage points, take a boat tour to get up close, and explore the surrounding parks. Niagara Falls is not just a natural marvel; its also a hub of entertainment and attractions.','Natural wonder, Spectacular views, Boat tour, Parks, Entertainment, Attractions, Canada-US border','https://upload.wikimedia.org/wikipedia/commons/a/ab/3Falls_Niagara.jpg'),(38,'Whistler Blackcomb',8,'Whistler Blackcomb, located in British Columbia, is a world-renowned ski resort and outdoor adventure destination. With its stunning alpine landscapes, Whistler offers a wide range of activities, including skiing, snowboarding, mountain biking, and zip-lining. Explore the charming village, experience the vibrant apres-ski scene, and indulge in the thrill of outdoor pursuits.','Ski resort, Alpine landscapes, Outdoor adventures, Mountain biking, Zip-lining, Apres-ski, Charming village, British Columbia','https://mountainwatch.travel/wp-content/uploads/2019/03/LargeThumbnails-ExteriorWinterBeaconSide-1024x585.jpg'),(39,'Jasper National Park',8,'Jasper National Park, situated in the Canadian Rockies, is a haven for nature lovers and outdoor enthusiasts. Experience the beauty of glacial lakes, rugged mountain peaks, and abundant wildlife. Explore the iconic Icefields Parkway, take a boat cruise on Maligne Lake, and stargaze in the Dark Sky Preserve. Jasper National Park offers a serene and immersive escape into the heart of the Rockies.','Nature lover\'s paradise, Glacial lakes, Rugged peaks, Abundant wildlife, Icefields Parkway, Maligne Lake, Dark Sky Preserve, Canadian Rockies','https://lp-cms-production.s3.amazonaws.com/public/2021-05/shutterstockRF_1027912921.jpg'),(40,'Quebec City',8,'Quebec City, a charming and historic gem, is the capital of the province of Quebec. Explore the cobblestone streets of Old Quebec, visit the iconic Château Frontenac, and immerse yourself in the rich French-Canadian culture. With its European ambiance, lively festivals, and delicious cuisine, Quebec City offers a unique blend of history and modernity.','Charming city, Historic streets, Château Frontenac, French-Canadian culture, European ambiance, Festivals, Delicious cuisine, Province of Quebec','https://travel.destinationcanada.com/_next/image?url=https%3A%2F%2Fadmin.destinationcanada.com%2Fsites%2Fdefault%2Ffiles%2F2023-06%2FQC-Chateau-Frontenac_hero.jpg&w=1920&q=75'),(41,'The Great Wall',9,'The Great Wall of China is a marvel of ancient engineering and a symbol of the countrys rich history. Stretching over thousands of kilometers, the Great Wall offers panoramic views of the surrounding landscapes. Explore different sections of the wall, each with its unique characteristics, and immerse yourself in the historical significance of this UNESCO World Heritage Site.','Ancient engineering marvel, UNESCO World Heritage Site, Panoramic views, Different sections, Historical significance, Landscapes','https://upload.wikimedia.org/wikipedia/commons/thumb/2/23/The_Great_Wall_of_China_at_Jinshanling-edit.jpg/1200px-The_Great_Wall_of_China_at_Jinshanling-edit.jpg'),(42,'Li River, Guilin',9,'The Li River in Guilin is renowned for its stunning karst landscapes and picturesque scenery. Embark on a scenic boat cruise along the river, surrounded by towering limestone peaks and lush greenery. Explore traditional villages, witness cormorant fishing, and capture the breathtaking beauty that has inspired poets and artists for centuries.','Karst landscapes, Picturesque scenery, Scenic boat cruise, Limestone peaks, Traditional villages, Cormorant fishing, Guilin','https://upload.wikimedia.org/wikipedia/commons/c/c3/87318-Li-River.jpg'),(43,'The Forbidden City',9,'The Forbidden City, located in the heart of Beijing, is a majestic palace complex that served as the imperial palace for Chinese emperors for centuries. With its grand halls, ornate architecture, and extensive courtyards, the Forbidden City is a testament to China\'s imperial history. Explore the intricate details of the Hall of Supreme Harmony, stroll through the Imperial Gardens, and immerse yourself in the rich cultural heritage of this UNESCO World Heritage Site.','Imperial palace, Ornate architecture, UNESCO World Heritage Site, Hall of Supreme Harmony, Imperial Gardens, Chinese history, Cultural heritage','https://image.jimcdn.com/app/cms/image/transf/dimension=2080x10000:format=jpg/path/s2217cd0bb1220415/image/i924c52c240be26ee/version/1683854111/the-forbidden-city-beijing.jpg'),(44,'Yellow Mountain (Huangshan)',9,'Yellow Mountain, or Huangshan, is a UNESCO World Heritage Site known for its unique granite peaks, ancient pine trees, and mystical atmosphere. Experience the breathtaking sunrise over the sea of clouds, hike through scenic trails, and appreciate the timeless beauty that has inspired traditional Chinese art and literature for centuries.','UNESCO World Heritage Site, Granite peaks, Ancient pine trees, Breathtaking sunrise, Sea of clouds, Scenic trails, Huangshan','https://www.mercierzeng.com/image/huangshan/yellow-mountains-19.jpg'),(45,'Terracotta Army, Xi\'an',9,'The Terracotta Army in Xi\'an is a remarkable archaeological discovery, featuring thousands of life-sized clay soldiers and horses buried with Emperor Qin Shi Huang. Explore the three pits containing the terracotta warriors, each with its own formations and details. Witness the incredible craftsmanship and historical significance of this UNESCO World Heritage Site.','Archaeological discovery, Life-sized clay soldiers, Emperor Qin Shi Huang, Three pits, Craftsmanship, Historical significance, Xi\'an','https://assets.editorial.aetnd.com/uploads/2014/03/gettyimages-1236172686.jpg?width=768'),(46,'Chichen Itza',10,'Chichen Itza, a UNESCO World Heritage Site on the Yucatan Peninsula, is a mesmerizing archaeological complex that was once a major city of the ancient Maya civilization. Explore the iconic El Castillo pyramid, marvel at the astronomical precision of the structures, and discover the rich history and cultural significance of Chichen Itza. With its captivating ruins and historical importance, Chichen Itza offers a fascinating journey into the mysteries of the Maya civilization.','UNESCO World Heritage Site, Ancient Maya civilization, El Castillo pyramid, Astronomical precision, Archaeological complex, Yucatan Peninsula, Historical significance','https://upload.wikimedia.org/wikipedia/commons/5/51/Chichen_Itza_3.jpg'),(47,'Tulum',10,'Tulum, located along the Riviera Maya, is a coastal paradise with ancient Mayan ruins overlooking the Caribbean Sea. Explore the well-preserved archaeological site, relax on pristine beaches, and snorkel in crystal-clear cenotes. Tulum offers a perfect blend of history, nature, and relaxation in a breathtaking tropical setting.','Ancient Mayan ruins, Caribbean Sea, Pristine beaches, Snorkeling, Riviera Maya, Cenotes, Tropical paradise','https://a.cdn-hotels.com/gdcs/production73/d1624/45ab7e53-4363-41f8-8783-78765ac502ee.jpg'),(48,'Cancun',10,'Cancun, a world-renowned resort city on the Yucatan Peninsula, is famous for its stunning beaches, vibrant nightlife, and archaeological wonders. Relax on the white sands of the Hotel Zone, explore the Mayan ruins of El Rey, and indulge in the energetic atmosphere of the city\'s clubs and restaurants. Cancun offers a perfect blend of sun, sea, and culture.','Stunning beaches, Vibrant nightlife, Archaeological wonders, Hotel Zone, Mayan ruins, El Rey, Energetic atmosphere','https://upload.wikimedia.org/wikipedia/commons/thumb/a/ae/Cancun_aerial_photo_by_safa.jpg/1200px-Cancun_aerial_photo_by_safa.jpg'),(49,'Puerto Vallarta',10,'Puerto Vallarta, nestled on the Pacific Coast, is a charming coastal town known for its cobblestone streets, vibrant art scene, and beautiful beaches. Explore the historic Old Town, stroll along the Malecón boardwalk, and enjoy water activities in Banderas Bay. Puerto Vallarta offers a blend of cultural richness and natural beauty.','Cobblestone streets, Vibrant art scene, Beautiful beaches, Old Town, Malecón boardwalk, Banderas Bay, Cultural richness','https://cdn.aarp.net/content/dam/aarp/travel/international/2022/08/1140-puerto-vallarta.jpg'),(50,'Palenque',10,'Palenque, nestled in the jungles of Chiapas, is an archaeological site showcasing the grandeur of the ancient Maya civilization. Explore the well-preserved temples and palaces, surrounded by lush greenery and wildlife. With its mystical ambiance and historical significance, Palenque offers a journey into the heart of Maya culture and architecture.','Archaeological site, Ancient Maya civilization, Temples, Palaces, Chiapas, Jungle, Mystical ambiance','https://res.klook.com/images/fl_lossy.progressive,q_65/c_fill,w_1280,h_853/w_79,x_14,y_14,g_south_west,l_Klook_water_br_trans_yhcmh3/activities/olr38xdasdwwvpnxtpgn/V%C3%A9Mi%E1%BB%85nX%E1%BA%BFpH%C3%A0ngV%C3%A0oC%E1%BB%ADaPalenque.jpg');
/*!40000 ALTER TABLE `destination` ENABLE KEYS */;
UNLOCK TABLES;

--
-- Table structure for table `tour`
--

DROP TABLE IF EXISTS `tour`;
/*!40101 SET @saved_cs_client     = @@character_set_client */;
/*!50503 SET character_set_client = utf8mb4 */;
CREATE TABLE `tour` (
  `id` int NOT NULL AUTO_INCREMENT,
  `title` varchar(255) NOT NULL,
  `description` text NOT NULL,
  `duration` int NOT NULL,
  `price` double NOT NULL,
  `priceCurrency` varchar(255) DEFAULT 'USD',
  `startDate` datetime NOT NULL,
  `endDate` datetime NOT NULL,
  `additionInfo` varchar(255) NOT NULL,
  `demoImage` varchar(255) NOT NULL,
  `voting` int NOT NULL,
  `type` varchar(255) DEFAULT NULL,
  PRIMARY KEY (`id`)
) ENGINE=InnoDB AUTO_INCREMENT=80 DEFAULT CHARSET=utf8mb4 COLLATE=utf8mb4_0900_ai_ci;
/*!40101 SET character_set_client = @saved_cs_client */;

--
-- Dumping data for table `tour`
--

LOCK TABLES `tour` WRITE;
/*!40000 ALTER TABLE `tour` DISABLE KEYS */;
INSERT INTO `tour` VALUES (1,'Paris & Louvre Exploration','Embark on an extraordinary journey to explore the mesmerizing beauty of Paris. Visit the iconic Louvre Museum, immerse yourself in the rich art and culture of the city, and indulge in the delightful flavors of authentic French cuisine. Discover the hidden gems of the City of Lights as you stroll along the charming streets and experience the romantic ambiance that envelops this enchanting destination. Uncover the history and elegance of Paris as you visit iconic landmarks, including the Eiffel Tower and Mont Saint-Michel, and create memories that will last a lifetime.',7,45,'USD','2023-11-01 00:00:00','2023-11-07 00:00:00','Art and culture, French cuisine, Paris landmarks, Louvre Museum, City exploration','https://res.klook.com/image/upload/Mobile/City/swox6wjsl5ndvkv5jvum.jpg',12000,'destination'),(2,'Magical Japan Adventure','Embark on a magical adventure in Japan, where dreams come to life. Experience the enchanting world of Tokyo Disneyland, marvel at the iconic Mount Fuji, and be mesmerized by the natural wonders that await you. Immerse yourself in the rich cultural heritage of Kyoto Temples and Osaka Castle, and witness the breathtaking beauty of Mount Fuji as it stands as a testament to Japan\'s natural magnificence. This journey is a perfect blend of fantasy, culture, and natural beauty that will leave you with unforgettable memories.',6,50.8,'USD','2023-11-10 00:00:00','2023-11-15 00:00:00','Disney magic, Natural beauty, Japanese culture, Fantasy adventure, Mount Fuji exploration','https://c4.wallpaperflare.com/wallpaper/611/69/87/japan-mountains-mount-fuji-asian-architecture-wallpaper-preview.jpg',18000,'destination'),(3,'Australian Wonders Expedition','Embark on an extraordinary journey to discover the wonders of Australia. Immerse yourself in the underwater beauty of the Great Barrier Reef, marvel at the architectural splendor of the Sydney Opera House, and explore the red desert landscapes of Uluru-Kata Tjuta National Park. This adventure is a perfect blend of natural beauty, architectural marvels, and the unique landscapes that define the Australian continent. From vibrant coral reefs to iconic landmarks, this tour offers a once-in-a-lifetime experience.',10,90.5,'USD','2023-11-20 00:00:00','2023-11-30 00:00:00','Underwater adventure, Architectural marvel, Red desert landscapes, Australian wonders, Sydney Opera House, Great Barrier Reef','https://images4.alphacoders.com/743/743533.jpg',32000,'destination'),(4,'Brazilian Marvels Tour','Experience the marvels of Brazil in an unforgettable journey. From the iconic Christ the Redeemer in Rio de Janeiro to the famous Copacabana Beach and the breathtaking Iguazu Falls, this tour is a blend of spiritual awe, beach paradise, and nature\'s spectacle. Immerse yourself in the vibrant culture of Brazil, explore the pulsating energy of Rio de Janeiro, and witness the power and beauty of one of the world\'s most spectacular waterfalls. This adventure will take you through the heart of Brazil, showcasing its diverse landscapes and cultural richness.',8,70.2,'USD','2023-12-01 00:00:00','2023-12-08 00:00:00','Spiritual awe, Beach paradise, Nature\'s spectacle, Brazilian marvels, Rio de Janeiro, Copacabana Beach, Iguazu Falls','https://upload.wikimedia.org/wikipedia/commons/6/62/Praia_de_Copacabana_-_Rio_de_Janeiro%2C_Brasil.jpg',25000,'destination'),(5,'South African Cultural Safari','Embark on a captivating journey through the diverse landscapes of South Africa. Experience the thrill of a wildlife safari in Kruger National Park, marvel at the stunning beauty of Table Mountain, and delve into the rich history of Apartheid with a visit to Robben Island. This cultural safari is a perfect blend of wildlife adventure, scenic landscapes, and historical exploration. From the majestic wildlife to the captivating stories of South Africa\'s past, this tour offers a comprehensive and unforgettable experience.',10,85.5,'USD','2023-12-10 00:00:00','2023-12-20 00:00:00','Wildlife safari, Scenic landscapes, Apartheid history, South African culture, Kruger National Park, Table Mountain, Robben Island','https://i.pinimg.com/originals/e4/07/75/e4077595145db3a264436a8cbc7e75e8.jpg',32000,'destination'),(6,'American Wonders Expedition','Embark on a journey to explore the iconic landmarks of the United States. From the historic Statue of Liberty to the natural wonders of the Grand Canyon and Yellowstone Falls, this expedition is a celebration of American history and natural beauty. Immerse yourself in the stories of the past at historical landmarks, be awestruck by the grandeur of the Grand Canyon, and witness the spectacular Yellowstone Falls. This adventure is a tribute to the diversity and beauty of the United States, from coast to coast.',9,75,'USD','2024-01-05 00:00:00','2024-01-14 00:00:00','Historical landmarks, Natural wonders, American history, Statue of Liberty, Grand Canyon, Yellowstone Falls','https://cloudfront-us-east-1.images.arcpublishing.com/advancelocal/VKFZOBUTVNFNVBUKSS77AKAKTI.JPEG',28000,'destination'),(7,'Historical Japan Triangle','Immerse yourself in the historical richness of Japan with a tour that explores the cultural heritage of Kyoto Temples, the majestic beauty of Osaka Castle, and the iconic presence of Mount Fuji. This triangle of historical wonders invites you to step back in time as you wander through centuries-old temples, marvel at the architectural brilliance of Osaka Castle, and witness the breathtaking beauty of Mount Fuji. This journey is a perfect blend of cultural exploration, architectural marvels, and the natural splendor that defines Japan.',8,70.9,'USD','2024-01-15 00:00:00','2024-01-22 00:00:00','Cultural heritage, Architectural marvels, Natural beauty, Japanese history, Kyoto Temples, Osaka Castle, Mount Fuji','https://w0.peakpx.com/wallpaper/898/965/HD-wallpaper-kyoto-japan-temple-city-buildings-houses.jpg',38000,'destination'),(8,'Australian Coastal Trio','Embark on a coastal adventure in Australia with a trio of experiences that showcase the beauty of the coastline. Drive along the stunning Great Ocean Road, relax on the iconic Bondi Beach, and explore the architectural marvel of the Sydney Opera House. This coastal trio is a perfect blend of scenic drives, beach vibes, and architectural wonders. From the rugged cliffs of the Great Ocean Road to the golden sands of Bondi Beach, this tour captures the essence of Australia\'s coastal charm.',9,80.2,'USD','2024-02-01 00:00:00','2024-02-10 00:00:00','Coastal drive, Beach vibes, Architectural marvel, Australian coast, Great Ocean Road, Bondi Beach, Sydney Opera House','https://pixelz.cc/wp-content/uploads/2016/11/great-ocean-road-victoria-australia-4k-wallpaper.jpg',42000,'destination'),(9,'Brazilian Nature Trilogy','Explore the natural wonders and cultural marvels of Brazil with this immersive tour. From the awe-inspiring Iguazu Falls and the breathtaking Amazon Rainforest to the unique Pantanal Wetlands and the vibrant Carnival in Rio, this trilogy of experiences offers a comprehensive journey through the diverse landscapes and rich traditions of Brazil. Immerse yourself in the spectacle of nature, encounter unique wildlife, and participate in the energy of one of the world\'s most famous carnivals.',12,110,'USD','2024-02-15 00:00:00','2024-02-27 00:00:00','Nature\'s spectacle, Wildlife exploration, Cultural extravaganza, Brazil, Iguazu Falls, Amazon Rainforest, Pantanal Wetlands, Rio Carnival','https://southjets.com/wp-content/uploads/2019/02/Carnaval-en-Rio-de-Janeiro-la-fiesta-de-carnaval-mas-grande-del-mundo.jpg',50000,'destination'),(10,'World Wonders Adventure','Embark on a global adventure to witness the wonders of the world. From the iconic Statue of Liberty to the Sydney Opera House, the scenic beauty of the Great Ocean Road, and the red desert landscapes of Uluru-Kata Tjuta National Park, this expedition is a journey to some of the planet\'s most renowned landmarks. Immerse yourself in the cultural richness, marvel at architectural marvels, and traverse diverse landscapes that define the beauty of our world.',15,140,'USD','2024-03-01 00:00:00','2024-03-15 00:00:00','Global landmarks, Scenic drive, Red desert landscapes, World wonders, Statue of Liberty, Sydney Opera House, Great Ocean Road, Uluru-Kata Tjuta National Park','https://www.mcall.com/wp-content/uploads/migration/2014/01/28/YRLPPE2YHVESVJRTW4CXUJ44UQ.jpg?w=1024',75000,'destination'),(11,'Japan Delights','Experience the magic of Japan with a delightful journey that combines the enchantment of Tokyo Disneyland and the historical richness of Kyoto Temples. Immerse yourself in the whimsical world of Disney magic, explore centuries-old temples, and enjoy the scenic beauty of Mount Fuji. This tour offers a perfect blend of fantasy, cultural heritage, and natural beauty, making it an unforgettable adventure in the Land of the Rising Sun.',6,55,'USD','2024-03-20 00:00:00','2024-03-25 00:00:00','Disney magic, Cultural heritage, Natural beauty, Japan, Tokyo Disneyland, Kyoto Temples, Mount Fuji','https://w0.peakpx.com/wallpaper/898/965/HD-wallpaper-kyoto-japan-temple-city-buildings-houses.jpg',15000,'destination'),(12,'Australian Coastal Bliss','Discover the coastal bliss of Australia with this relaxing tour. From the iconic Bondi Beach to snorkeling in the Great Barrier Reef and exploring the architectural marvel of the Sydney Opera House, this coastal retreat offers a perfect blend of beach vibes, underwater adventure, and architectural wonders. Relax on sandy shores, dive into the vibrant underwater world, and marvel at the iconic structures that define the beauty of Australia\'s coastline.',8,75,'USD','2024-03-28 00:00:00','2024-04-04 00:00:00','Beach vibes, Underwater adventure, Architectural marvel, Australian coast, Bondi Beach, Great Barrier Reef, Sydney Opera House','https://c0.wallpaperflare.com/preview/252/37/114/australia-bondi-beach-bondi-icebergs-pool-pool.jpg',22000,'destination'),(13,'American Natural Wonders','Embark on a global adventure with this world wonders tour. Journey to iconic landmarks, from the Statue of Liberty to the Sydney Opera House, the Great Ocean Road, and Uluru-Kata Tjuta National Park. Immerse yourself in global landmarks, scenic drives, and the unique red desert landscapes of Australia. This tour offers a comprehensive exploration of some of the world\'s most famous and breathtaking attractions.',7,65,'USD','2024-04-10 00:00:00','2024-04-16 00:00:00','Global landmarks, Scenic drives, Red desert landscapes, World wonders, Statue of Liberty, Sydney Opera House, Great Ocean Road, Uluru-Kata Tjuta National Park','https://c4.wallpaperflare.com/wallpaper/824/450/363/yellowstone-falls-wallpaper-preview.jpg',18000,'destination'),(14,'Brazilian Wilderness Adventure','Embark on a journey through the heart of Brazil with this wilderness adventure. Explore the Amazon Rainforest, witness the awe-inspiring Iguazu Falls, and experience the unique Pantanal Wetlands. Immerse yourself in wildlife exploration, nature\'s spectacle, and the diverse ecosystems that define the beauty of Brazil. This tour offers a comprehensive adventure through the natural wonders of one of the world\'s most biodiverse countries.',12,110,'USD','2024-04-20 00:00:00','2024-05-01 00:00:00','Wildlife exploration, Nature\'s spectacle, Wetland adventure, Brazil, Amazon Rainforest, Iguazu Falls, Pantanal Wetlands','https://w0.peakpx.com/wallpaper/447/579/HD-wallpaper-iguazu-falls-waterfall-nature-iguazu-other.jpg',28000,'destination'),(15,'French Elegance','Embark on an unforgettable journey with our French Elegance tour and immerse yourself in the timeless beauty of Paris. Explore the iconic Champs-Élysées, where fashion meets grandeur. Ascend the world-renowned Eiffel Tower for panoramic views of the city, and discover the enchanting Mont Saint-Michel, a testament to historical charm. This experience is a celebration of the City of Love, an encounter with architectural marvels, and a walk through the pages of history.',8,80,'USD','2024-05-05 00:00:00','2024-05-12 00:00:00','City of Love, Architectural marvel, Historical charm, Paris, Champs-Élysées, Eiffel Tower, Mont Saint-Michel','https://en.chateauversailles.fr/sites/default/files/c3_1.jpg',32000,'destination'),(16,'Australian Coastal Retreat','Explore the architectural marvel of the Sydney Opera House and embark on a scenic drive along the Great Ocean Road with this coastal retreat tour. Immerse yourself in the beauty of architectural wonders and scenic drives, experiencing the best of Australia\'s coastal landscapes. This tour offers a perfect blend of cultural exploration and natural beauty.',6,60,'USD','2024-05-15 00:00:00','2024-05-20 00:00:00','Architectural marvel, Scenic drives, Australia, Sydney Opera House, Great Ocean Road','https://images4.alphacoders.com/743/743533.jpg',15000,'destination'),(17,'Japan Magical Trio','Experience the magic of Japan with this delightful tour. Immerse yourself in the enchantment of Tokyo Disneyland and explore the historical richness of Kyoto Temples. This tour offers a perfect blend of Disney magic and cultural heritage, providing a unique and memorable experience in the land of the rising sun.',8,70,'USD','2024-05-25 00:00:00','2024-06-01 00:00:00','Disney magic, Cultural heritage, Japan, Tokyo Disneyland, Kyoto Temples','https://wallpapers.com/images/hd/animated-disney-castle-has6vy47k75d0bzs.jpg',25000,'destination'),(18,'Rio Carnival Extravaganza','Explore the wonders of Rio de Janeiro with this extravagant tour. Marvel at the beauty of Christ the Redeemer, relax on the famous Copacabana Beach, and immerse yourself in the vibrant Carnival in Rio. Experience spiritual awe, beach paradise, and cultural extravaganza all in one tour. This journey offers a comprehensive exploration of the diverse marvels that make Rio de Janeiro a unique and captivating destination.',10,95,'USD','2024-06-05 00:00:00','2024-06-15 00:00:00','Spiritual awe, Beach paradise, Cultural extravaganza, Rio de Janeiro, Christ the Redeemer, Copacabana Beach, Rio Carnival','https://c4.wallpaperflare.com/wallpaper/231/797/294/beach-brazil-copacabana-night-wallpaper-preview.jpg',42000,'destination'),(19,'South African Discovery','Embark on a discovery of South Africa\'s rich landscapes and history with this immersive tour. Visit Table Mountain, go on a safari in Kruger National Park, explore the historic Robben Island, and marvel at the stunning Blyde River Canyon. This tour offers a perfect blend of scenic landscapes, wildlife safari, and historical landmarks, providing a comprehensive experience of South Africa\'s natural and cultural wonders.',12,110,'USD','2024-06-20 00:00:00','2024-07-01 00:00:00','Scenic landscapes, Wildlife safari, Historical landmarks, South Africa, Table Mountain, Kruger National Park, Robben Island, Blyde River Canyon','https://www.tripsavvy.com/thmb/ln-rgtbLb72dcvBq5Ue1Udtec2s=/2120x1414/filters:no_upscale():max_bytes(150000):strip_icc()/GettyImages-542084791-5a5c7d56e258f800373c1acf.jpg',50000,'destination'),(20,'Brazilian Nature & Culture','Witness the natural wonders of Brazil with this trilogy tour. Visit the awe-inspiring Iguazu Falls, journey into the breathtaking Amazon Rainforest, and explore the unique Pantanal Wetlands. Immerse yourself in nature\'s spectacle, wildlife exploration, and wetland adventure. This tour offers a comprehensive experience of Brazil\'s diverse ecosystems and the stunning beauty of its natural landscapes.',15,140,'USD','2024-07-05 00:00:00','2024-07-20 00:00:00','Nature\'s spectacle, Wildlife exploration, Wetland adventure, Brazil, Iguazu Falls, Amazon Rainforest, Pantanal Wetlands','https://www.andbeyond.com/wp-content/uploads/sites/5/Amazon-Rain-Forest.jpg',75000,'destination'),(21,'Parisian Elegance','Indulge in the elegance of Paris with this sophisticated tour. Stroll along the iconic Champs-Élysées, explore the renowned Musée d\'Orsay, and experience the epitome of Parisian elegance. Immerse yourself in the City of Lights, surrounded by art, culture, and historical charm. This tour is a perfect blend of romantic ambiance and architectural marvels, offering a unique perspective on the beauty of Paris.',6,55,'USD','2024-07-25 00:00:00','2024-07-30 00:00:00','City of Lights, Art and culture, Paris, Champs-Élysées, Musée d\'Orsay, Romantic atmosphere, Architectural marvels','https://cdn.britannica.com/01/150801-050-3072D42F/Louvre-Museum-pyramid-Paris-Pei-IM.jpg',16000,'destination'),(22,'Gothic Marvels of Paris','Admire the Gothic marvels of Paris with this captivating tour. Explore the stunning architecture of Sainte-Chapelle and Notre-Dame Cathedral, two masterpieces of Gothic art in the heart of Paris. Discover the historical significance and architectural gems that define the beauty of these landmarks. This tour is a journey through time, offering a glimpse into the rich history and artistry of Gothic Paris.',5,50,'USD','2024-08-01 00:00:00','2024-08-05 00:00:00','Architectural gems, Historical landmarks, Paris, Gothic art, Sainte-Chapelle, Notre-Dame Cathedral','https://blushrougette.com/wp-content/uploads/2021/07/sacre-coeur-basilica-paris.jpg',12000,'destination'),(23,'Romantic Paris Nights','Embark on a romantic journey through the enchanting nights of Paris. Indulge in a romantic Seine River cruise and enjoy a mesmerizing night tour of the Eiffel Tower. Experience the city lights and the romantic atmosphere that make Paris truly magical at night. This tour is a perfect blend of romance, elegance, and the captivating beauty of Paris after sunset.',4,40,'USD','2024-08-10 00:00:00','2024-08-13 00:00:00','City lights, Romantic atmosphere, Paris, Seine River cruise, Eiffel Tower, Night tour','https://media2.tokyodisneyresort.jp/home/common/og_image.jpg',8000,'destination'),(24,'Enchanting India Exploration','Embark on an enchanting journey through the diverse landscapes and cultural wonders of India. Explore the iconic Taj Mahal in Agra, discover the vibrant markets of Delhi, and experience the spiritual ambiance along the Ganges in Varanasi. From the historical heritage to the bustling modern cities, this tour captures the essence of India.',12,1200,'USD','2023-12-01 00:00:00','2023-12-12 00:00:00','Rich cultural heritage, Iconic landmarks, Spiritual experiences, Vibrant markets, Historical wonders, Taj Mahal, Ganges River','https://imagescdn.pystravel.vn/uploads/posts/avatar/1644316230.jpg',45000,'destination'),(25,'Spirit of Rajasthan Adventure','Discover the vibrant colors and rich history of Rajasthan, India\'s \"Land of Kings.\" From the majestic forts of Jaipur to the serene lakes of Udaipur, this tour immerses you in the royal heritage and cultural richness of the region. Experience traditional Rajasthani cuisine, witness folk performances, and explore the architectural marvels that define this enchanting part of India.',10,950,'USD','2023-12-15 00:00:00','2023-12-24 00:00:00','Royal heritage, Vibrant culture, Majestic forts, Serene lakes, Traditional cuisine, Folk performances, Rajasthan','https://dynamic-media-cdn.tripadvisor.com/media/photo-o/13/96/8a/82/this-is-the-time-when.jpg?w=1200&h=1200&s=1',38000,'destination'),(26,'Ganges Odyssey Retreat','Embark on a serene retreat along the sacred Ganges River, exploring the spiritual heart of India. From the ghats of Varanasi to the ancient temples of Rishikesh, experience the tranquility and cultural richness that define the Ganges region. Engage in yoga sessions, witness the Ganga Aarti, and discover the spiritual legacy of this extraordinary journey.',8,800,'USD','2024-01-05 00:00:00','2024-01-12 00:00:00','Sacred Ganges River, Spiritual retreat, Ancient temples, Yoga sessions, Ganga Aarti, Varanasi, Rishikesh','https://www.tripsavvy.com/thmb/tJ6ruJDKISZf3tZn6jx__HeMUMY=/1500x0/filters:no_upscale():max_bytes(150000):strip_icc()/GettyImages-128253674-592156025f9b58f4c0d79bfd.jpg',28000,'destination'),(27,'Culinary Delights of India','Embark on a culinary journey through the flavors of India, exploring the diverse and mouthwatering cuisine. From the street food markets of Mumbai to the aromatic spice fields of Kerala, savor the unique tastes and textures that make Indian cuisine a global sensation. Immerse yourself in cooking classes, spice plantations, and the vibrant street food culture.',14,1500,'USD','2024-01-20 00:00:00','2024-02-02 00:00:00','Diverse cuisine, Culinary exploration, Street food markets, Spice plantations, Cooking classes, Mumbai, Kerala','https://www.tourmyindia.com/socialimg/haridwar-and-rishikesh-tour.webp',55000,'destination'),(28,'Canadian Rockies Adventure','Embark on a thrilling adventure through the majestic landscapes of the Canadian Rockies. From the breathtaking Banff National Park to the vibrant city life of Vancouver, experience the diverse beauty of Canada. Explore the turquoise waters of Lake Louise, hike through scenic trails, and embrace the outdoor spirit of the Great White North.',10,1300,'USD','2023-12-05 00:00:00','2023-12-15 00:00:00','Majestic landscapes, Canadian Rockies, Banff National Park, Vancouver, Lake Louise, Scenic trails, Outdoor adventure','https://media.cntraveler.com/photos/5bbe66816477eb358f143759/master/w_1600%2Cc_limit/Fairmont-Banff-Springs__2018_BSH-548.jpg',42000,'destination'),(29,'Whistler Winter Wonderland','Immerse yourself in the enchanting winter wonderland of Whistler, British Columbia. Known for its world-class ski slopes and charming village atmosphere, Whistler offers a perfect blend of adventure and relaxation. Enjoy exhilarating ski runs, explore the picturesque village, and indulge in the cozy apres-ski ambiance.',7,1100,'USD','2023-12-20 00:00:00','2023-12-27 00:00:00','Winter wonderland, Ski slopes, Whistler, British Columbia, Ski runs, Charming village, Apres-ski','https://upload.wikimedia.org/wikipedia/commons/a/ab/3Falls_Niagara.jpg',35000,'destination'),(30,'Eastern Canada Explorer','Discover the charm and history of Eastern Canada as you journey through cities like Toronto, Montreal, and Quebec City. Explore the iconic CN Tower, experience the multicultural atmosphere of Toronto, and stroll through the cobblestone streets of Old Quebec. This tour showcases the vibrant culture and diverse landscapes of Canada\'s eastern region.',14,1600,'USD','2024-01-10 00:00:00','2024-01-24 00:00:00','Eastern Canada, Toronto, Montreal, Quebec City, CN Tower, Multicultural atmosphere, Old Quebec','https://mountainwatch.travel/wp-content/uploads/2019/03/LargeThumbnails-ExteriorWinterBeaconSide-1024x585.jpg',48000,'destination'),(31,'Northern Lights Expedition','Embark on a magical journey to witness the breathtaking Northern Lights in the Yukon territory. Immerse yourself in the stunning natural landscapes, try your hand at dog sledding, and experience the unique culture of the indigenous communities. The Yukon offers an unforgettable adventure under the dancing colors of the Aurora Borealis.',8,1500,'USD','2024-02-05 00:00:00','2024-02-12 00:00:00','Northern Lights, Yukon territory, Dog sledding, Indigenous communities, Aurora Borealis, Natural landscapes','https://lp-cms-production.s3.amazonaws.com/public/2021-05/shutterstockRF_1027912921.jpg',55000,'destination'),(32,'China Highlights Expedition','Embark on a journey through the cultural and natural wonders of China. Explore the majestic Great Wall, wander through the historic Forbidden City in Beijing, and cruise along the picturesque Li River in Guilin. From the vibrant cities to the serene landscapes, this tour captures the essence of China\'s rich heritage.',12,1500,'USD','2023-12-10 00:00:00','2023-12-22 00:00:00','Great Wall, Forbidden City, Li River, Beijing, Guilin, Chinese heritage, Cultural wonders','https://travel.destinationcanada.com/_next/image?url=https%3A%2F%2Fadmin.destinationcanada.com%2Fsites%2Fdefault%2Ffiles%2F2023-06%2FQC-Chateau-Frontenac_hero.jpg&w=1920&q=75',52000,'destination'),(33,'Silk Road Expedition','Follow the ancient Silk Road and immerse yourself in the historical treasures of China. From the bustling markets of Xi\'an to the oasis cities along the Silk Road, experience the diverse cultures and landscapes that have shaped China\'s history. Visit the Terracotta Army, explore the Dunhuang Caves, and witness the blending of traditions in this unique journey.',14,1800,'USD','2024-01-05 00:00:00','2024-01-19 00:00:00','Silk Road, Xi\'an, Terracotta Army, Dunhuang Caves, Oasis cities, Chinese history, Cultural treasures','https://upload.wikimedia.org/wikipedia/commons/thumb/2/23/The_Great_Wall_of_China_at_Jinshanling-edit.jpg/1200px-The_Great_Wall_of_China_at_Jinshanling-edit.jpg',60000,'destination'),(34,'Yangtze River Cruise','Embark on a relaxing cruise along the scenic Yangtze River, discovering the beauty of China\'s landscapes and ancient cities. Sail through the Three Gorges, visit the historic city of Chongqing, and explore the cultural richness along the riverbanks. This cruise offers a tranquil journey through some of China\'s most iconic natural wonders.',10,1200,'USD','2024-02-01 00:00:00','2024-02-10 00:00:00','Yangtze River, Three Gorges, Chongqing, River cruise, Chinese landscapes, Ancient cities','https://upload.wikimedia.org/wikipedia/commons/c/c3/87318-Li-River.jpg',48000,'destination'),(35,'Modern China Discovery','Experience the modern marvels of China, from the futuristic skyline of Shanghai to the tech hub of Shenzhen. Explore the iconic Bund, visit the tech parks of Shenzhen, and witness the blend of tradition and innovation in Chinese society. This tour provides a glimpse into the contemporary face of China.',8,1000,'USD','2024-02-15 00:00:00','2024-02-22 00:00:00','Modern China, Shanghai, Shenzhen, Bund, Tech parks, Chinese innovation, Contemporary society','https://image.jimcdn.com/app/cms/image/transf/dimension=2080x10000:format=jpg/path/s2217cd0bb1220415/image/i924c52c240be26ee/version/1683854111/the-forbidden-city-beijing.jpg',38000,'destination'),(36,'Mexican Riviera Escape','Embark on a sun-soaked journey along the Mexican Riviera, exploring the beautiful beaches and vibrant cities. From the lively streets of Cancun to the historical charm of Puerto Vallarta, experience the rich culture, delicious cuisine, and stunning coastal landscapes. Relax on the sandy shores, explore Mayan ruins, and savor the flavors of authentic Mexican dishes.',7,900,'USD','2023-12-15 00:00:00','2023-12-22 00:00:00','Mexican Riviera, Cancun, Puerto Vallarta, Beaches, Mayan ruins, Authentic cuisine','https://upload.wikimedia.org/wikipedia/commons/5/51/Chichen_Itza_3.jpg',32000,'destination'),(37,'Cultural Tapestry of Mexico','Immerse yourself in the vibrant cultural tapestry of Mexico, from the bustling markets of Mexico City to the ancient pyramids of Teotihuacan. Explore the colonial charm of Oaxaca, witness traditional dance performances, and indulge in the diverse flavors of Mexican cuisine. This tour showcases the rich history and artistic legacy of Mexico.',10,1200,'USD','2024-01-05 00:00:00','2024-01-15 00:00:00','Cultural tapestry, Mexico City, Teotihuacan, Oaxaca, Traditional dance, Mexican cuisine, Artistic legacy','https://a.cdn-hotels.com/gdcs/production73/d1624/45ab7e53-4363-41f8-8783-78765ac502ee.jpg',42000,'destination'),(38,'Yucatan Peninsula Adventure','Explore the enchanting Yucatan Peninsula, home to ancient Mayan ruins, pristine cenotes, and vibrant cultural traditions. Visit the archaeological wonders of Chichen Itza, relax on the white sands of Tulum, and swim in crystal-clear cenotes. This adventure offers a perfect blend of history, nature, and relaxation in the heart of Mexico.',12,1500,'USD','2024-01-20 00:00:00','2024-02-01 00:00:00','Yucatan Peninsula, Chichen Itza, Tulum, Cenotes, Mayan ruins, Crystal-clear waters','https://upload.wikimedia.org/wikipedia/commons/thumb/a/ae/Cancun_aerial_photo_by_safa.jpg/1200px-Cancun_aerial_photo_by_safa.jpg',50000,'destination'),(39,'Baja California Coastal Retreat','Discover the natural beauty of Baja California, where the desert meets the sea. Explore the vibrant marine life in the Sea of Cortez, relax on the pristine beaches of Cabo San Lucas, and witness the breathtaking landscapes of the Baja Peninsula. This coastal retreat offers a serene escape into the wonders of the Mexican Pacific.',9,1100,'USD','2024-02-10 00:00:00','2024-02-19 00:00:00','Baja California, Sea of Cortez, Cabo San Lucas, Pristine beaches, Baja Peninsula, Marine life','https://cdn.aarp.net/content/dam/aarp/travel/international/2022/08/1140-puerto-vallarta.jpg',38000,'destination'),(40,'Family Beach Retreat','Escape to the sun-soaked beaches of Mexico for a memorable family vacation. Enjoy quality time with your loved ones as you build sandcastles, take a dip in the crystal-clear waters, and explore the family-friendly attractions of Cancun. This tour offers a perfect blend of relaxation and exciting activities for the whole family.',7,900,'USD','2023-12-15 00:00:00','2023-12-22 00:00:00','Family-friendly, Beach retreat, Cancun, Crystal-clear waters, Sandcastles, Memorable vacation','https://tulumtravelsecrets.com/wp-content/uploads/2023/05/family-visiting-Tulum-ruins.jpg',32000,'family'),(41,'Family Cultural Immersion','Embark on a cultural adventure through the heart of Mexico with your family. Explore the bustling markets of Mexico City, witness traditional dance performances, and discover the archaeological wonders of Teotihuacan. This tour is designed to create lasting family memories while immersing yourselves in the rich cultural tapestry of Mexico.',10,1200,'USD','2024-01-05 00:00:00','2024-01-15 00:00:00','Family-friendly, Cultural immersion, Mexico City, Teotihuacan, Traditional dance, Lasting memories','https://www.villapalmarcancun.com/blog/wp-content/uploads/2022/03/Is-Cancun-Good-for-a-Family-Vacation.jpg',42000,'family'),(42,'Family Adventure in Yucatan','Embark on an exciting family adventure in the enchanting Yucatan Peninsula. Explore the ancient Mayan ruins of Chichen Itza, relax on the white sands of Tulum, and swim in crystal-clear cenotes. This tour is perfect for families seeking a balance of history, nature, and relaxation in the heart of Mexico.',12,1500,'USD','2024-01-20 00:00:00','2024-02-01 00:00:00','Family-friendly, Yucatan Peninsula, Chichen Itza, Tulum, Cenotes, Ancient ruins','https://lp-cms-production.imgix.net/2021-06/Puerto%20Vallarta%20Family.jpg?auto=format&w=1440&h=810&fit=crop&q=75',50000,'family'),(43,'Family Coastal Getaway','Create wonderful family memories with a coastal getaway to Baja California. Explore the vibrant marine life in the Sea of Cortez, relax on the pristine beaches of Cabo San Lucas, and witness the breathtaking landscapes of the Baja Peninsula. This tour offers a perfect blend of family fun and the wonders of the Mexican Pacific.',9,1100,'USD','2024-02-10 00:00:00','2024-02-19 00:00:00','Family-friendly, Baja California, Sea of Cortez, Cabo San Lucas, Pristine beaches, Marine life','https://media.tacdn.com/media/attractions-splice-spp-674x446/09/2c/66/55.jpg',38000,'family'),(44,'Family Exploration of the Great Wall','Embark on an unforgettable family adventure along the iconic Great Wall of China. Discover the history and majesty of this ancient wonder, engage in family-friendly activities, and capture breathtaking views from the wall. This tour is designed to create lasting memories for families exploring the heart of China.',8,1300,'USD','2023-12-10 00:00:00','2023-12-18 00:00:00','Family-friendly, Great Wall, Ancient wonder, Family adventure, Breathtaking views','https://cdn.tourradar.com/s3/tour/1500x800/170139_64004ae88acff.jpg',45000,'family'),(45,'Family Discovery of Ancient Wonders','Take your family on a journey through the ancient wonders of China. Explore the historic Forbidden City, cruise along the picturesque Li River, and immerse yourselves in the cultural richness of Beijing and Guilin. This family-oriented tour is filled with exciting activities and educational experiences for all ages.',12,1600,'USD','2024-01-05 00:00:00','2024-01-16 00:00:00','Family-friendly, Forbidden City, Li River, Beijing, Guilin, Ancient wonders','https://media.chinaculturetour.com/uploads/20210527/a9315fed751d6bedc36a25d077a24dd3.jpg',50000,'family'),(46,'Family Yangtze River Adventure','Embark on a family-friendly adventure along the majestic Yangtze River. Cruise through the Three Gorges, visit the historic city of Chongqing, and engage in activities suitable for all generations. This tour offers a perfect blend of natural beauty, cultural experiences, and family bonding.',10,1400,'USD','2024-02-01 00:00:00','2024-02-10 00:00:00','Family-friendly, Yangtze River, Three Gorges, Chongqing, Family adventure, Cultural experiences','https://www.chinaeducationaltours.com/media/image/2020-09/16003147137122.jpg',55000,'family'),(47,'Family Modern Marvels in Shanghai','Explore the modern marvels of Shanghai with your family. Visit the iconic Bund, experience the futuristic skyline, and engage in family-friendly activities in this vibrant city. This tour is designed to showcase the blend of tradition and innovation while providing a memorable experience for the whole family.',6,1000,'USD','2024-02-15 00:00:00','2024-02-20 00:00:00','Family-friendly, Shanghai, Bund, Modern marvels, Family adventure, Futuristic skyline','https://www.chinaxiantour.com/media/2023/04/Huangshan-Tour-Guests.webp',30000,'family'),(48,'Canadian Rockies Family Adventure','Experience the breathtaking beauty of the Canadian Rockies with your family. Explore Banff and Jasper National Parks, cruise on Lake Louise, and enjoy family-friendly activities surrounded by stunning mountain landscapes. This tour is designed for families seeking an unforgettable adventure in the heart of Canada.',9,1200,'USD','2023-12-10 00:00:00','2023-12-18 00:00:00','Family-friendly, Canadian Rockies, Banff, Jasper, Lake Louise, Adventure for all ages','https://www.mydailydriver.fr/img/excursion/33/content/crop/paris-famille-2-5aba2177592ca.jpg',40000,'family'),(49,'Family Fun in Toronto and Niagara Falls','Create magical family memories in Toronto and Niagara Falls. Visit iconic landmarks, enjoy thrilling attractions, and witness the majestic beauty of Niagara Falls. This tour offers a perfect blend of family fun, entertainment, and exploration in two of Canada\'s most vibrant destinations.',7,900,'USD','2024-01-05 00:00:00','2024-01-11 00:00:00','Family-friendly, Toronto, Niagara Falls, Family fun, Entertainment, Landmarks','https://media.tacdn.com/media/attractions-splice-spp-674x446/06/6f/4a/84.jpg',30000,'family'),(50,'Family Maritime Adventure in Halifax','Embark on a maritime adventure with your family in Halifax. Explore historic sites, enjoy waterfront activities, and discover the charm of this coastal city. From family-friendly museums to scenic harbor cruises, this tour provides a delightful experience for all members of the family.',5,700,'USD','2024-02-01 00:00:00','2024-02-05 00:00:00','Family-friendly, Halifax, Maritime adventure, Waterfront activities, Historic sites','https://cpbtlatgfa.cloudimg.io/www.paristoversailles.com/wp-content/uploads/Hiddengems_Versailles.png',20000,'family'),(51,'Whistler Family Winter Wonderland','Experience the enchanting winter wonderland of Whistler with your family. Enjoy skiing, snowboarding, and a variety of winter activities suitable for all ages. This tour provides a perfect blend of adventure and relaxation in one of Canada\'s premier winter destinations.',7,1000,'USD','2024-02-15 00:00:00','2024-02-21 00:00:00','Family-friendly, Whistler, Winter wonderland, Skiing, Snowboarding, Family adventure','https://meet-thelocals.com/wp-content/uploads/2019/09/paris-for-kids-tour-montmartre-family-activity.jpg',35000,'family'),(52,'Family Heritage Journey in Delhi','Embark on a family-friendly heritage journey in Delhi. Explore historic monuments, visit vibrant markets, and immerse yourselves in the rich cultural tapestry of India\'s capital. This tour is designed for families seeking an educational and entertaining experience in the heart of India.',6,800,'USD','2023-12-10 00:00:00','2023-12-15 00:00:00','Family-friendly, Delhi, Heritage journey, Historic monuments, Cultural tapestry','https://lp-cms-production.imgix.net/2022-03/GettyImages-947401444.jpg?auto=format&w=1440&h=810&fit=crop&q=75',25000,'family'),(53,'Family Retreat in Jaipur','Experience a family retreat in the colorful city of Jaipur. Visit historic palaces, enjoy traditional Rajasthani cuisine, and participate in family-friendly activities. This tour offers a perfect blend of relaxation and exploration in the vibrant culture of Rajasthan.',8,1000,'USD','2024-01-05 00:00:00','2024-01-12 00:00:00','Family-friendly, Jaipur, Family retreat, Historic palaces, Rajasthani cuisine','https://res.klook.com/image/upload/c_fill,w_750,h_500/q_80/activities/imm3jirbdsp2tljshjbg.jpg',35000,'family'),(54,'Family Adventure in Rishikesh','Embark on an adventurous family journey to Rishikesh, the yoga capital of the world. Engage in thrilling activities, enjoy the serenity of the Ganges River, and explore the natural beauty of the Himalayan foothills. This tour offers a perfect blend of excitement and tranquility for the whole family.',5,700,'USD','2024-01-20 00:00:00','2024-01-25 00:00:00','Family-friendly, Rishikesh, Adventure, Ganges River, Himalayan foothills','https://img.sunset02.com/sites/default/files/styles/marquee_large_2x/public/image/2016/09/main/lower-yellowstone-falls.jpg',20000,'family'),(55,'Family Beach Escape in Goa','Enjoy a relaxing family beach escape in the picturesque beaches of Goa. Relax on sandy shores, indulge in Goan cuisine, and participate in family-friendly water activities. This tour provides a perfect blend of sun, sea, and family fun in one of India\'s most popular beach destinations.',7,900,'USD','2024-02-10 00:00:00','2024-02-16 00:00:00','Family-friendly, Goa, Beach escape, Goan cuisine, Water activities','https://www.americandreamtourmiami.com/image/catalog/Car-Tour-Gallery/Miami-Family-Tour.jpg',30000,'family'),(56,'Family Exploration of Paris','Embark on a family-friendly exploration of the enchanting city of Paris. Visit iconic landmarks such as the Eiffel Tower and Louvre, enjoy French cuisine, and participate in family-oriented activities. This tour is designed to create lasting memories for families in the heart of France.',7,1000,'USD','2023-12-10 00:00:00','2023-12-16 00:00:00','Family-friendly, Paris, Eiffel Tower, Louvre, French cuisine, Family exploration','https://cdn.tgdd.vn/Files/2021/07/09/1366855/diem-qua-10-dia-diem-du-lich-paris-dep-lang-man-nhat-khien-ban-me-man-202107091209527770.jpg',35000,'family'),(57,'Family Adventure in Provence','Experience the charm of Provence with your family. Explore picturesque villages, indulge in delicious local cuisine, and participate in family-friendly activities. This tour offers a perfect blend of relaxation and adventure in the beautiful region of Provence, France.',8,1200,'USD','2024-01-05 00:00:00','2024-01-12 00:00:00','Family-friendly, Provence, Adventure, Local cuisine, Family activities','https://static1.s123-cdn-static-a.com/uploads/3086630/2000_5e4be32d19237.jpg',40000,'family'),(58,'Family Vineyard Escape in Bordeaux','Embark on a family-friendly escape to the vineyards of Bordeaux. Discover the art of winemaking, explore historic chateaus, and enjoy the beautiful landscapes of the Bordeaux region. This tour is designed for families seeking a unique and educational experience in the world of French wine.',6,900,'USD','2024-02-01 00:00:00','2024-02-06 00:00:00','Family-friendly, Bordeaux, Vineyards, Winemaking, Educational experience','https://parisjetaime.com/data/layout_image/fr-FR/Chateau-de-Versailles-Galerie-des-Glaces-630x405-C-EPV-Thomas-GARNIER.jpg',30000,'family'),(59,'Family Coastal Retreat in Nice','Enjoy a relaxing coastal retreat in the beautiful city of Nice with your family. Explore the Promenade des Anglais, relax on the beaches of the French Riviera, and participate in family-oriented activities. This tour provides a perfect blend of sun, sea, and family fun in the South of France.',5,700,'USD','2024-02-15 00:00:00','2024-02-19 00:00:00','Family-friendly, Nice, Coastal retreat, French Riviera, Family activities','https://images.france.fr/zeaejvyq9bhj/2LeC9n2lzVmwHc3iHiIPKA/c6155cbce1882555d70c5de518e3f0f7/Paris_Montmartre.jpg',25000,'family'),(60,'Family Magic in Orlando','Experience the magic of Orlando with your family. Visit world-renowned theme parks, enjoy thrilling rides, and participate in family-friendly activities. This tour is designed for families seeking an enchanting adventure in the entertainment capital of the world.',7,1200,'USD','2023-12-10 00:00:00','2023-12-16 00:00:00','Family-friendly, Orlando, Theme parks, Thrilling rides, Enchanting adventure','https://www.grandcanyonplaza.com/resourcefiles/attractionsmallimages/grand-canyon-national-park-at-arizona-th.jpg?version=10162023055622',40000,'family'),(61,'Family Nature Escape in Yellowstone','Escape to the natural wonders of Yellowstone with your family. Explore geysers, witness wildlife, and enjoy outdoor adventures in one of America\'s most iconic national parks. This tour provides a perfect blend of nature, education, and family bonding.',8,1400,'USD','2024-01-05 00:00:00','2024-01-12 00:00:00','Family-friendly, Yellowstone, Nature escape, Wildlife, Outdoor adventures','https://krdo.b-cdn.net/2023/10/cnn-L19jb21wb25lbnRzL2ltYWdlL2luc3RhbmNlcy9jbG5tbzE4bGkwMDAxM2I2aTduYThjcXBh-L19wYWdlcy9jbG5tazF4NmcwMDAwMjZwMjhicjcyYTRy.jpg',45000,'family'),(62,'Family Beach Fun in Myrtle Beach','Enjoy sun, sand, and family fun in Myrtle Beach. Relax on the pristine beaches, experience thrilling water activities, and participate in family-oriented events. This tour is designed for families seeking a beach getaway with a mix of relaxation and excitement.',6,1000,'USD','2024-02-01 00:00:00','2024-02-06 00:00:00','Family-friendly, Myrtle Beach, Beach fun, Water activities, Family events','https://dynamic-media-cdn.tripadvisor.com/media/photo-o/0b/ad/ff/ce/second-view-of-upper.jpg?w=1200&h=-1&s=1',35000,'family'),(63,'Family Adventure in Grand Canyon','Embark on a family-friendly adventure in the awe-inspiring Grand Canyon. Hike the trails, marvel at the canyon views, and engage in educational activities suitable for all ages. This tour offers a perfect blend of natural wonders and family exploration.',5,800,'USD','2024-02-15 00:00:00','2024-02-19 00:00:00','Family-friendly, Grand Canyon, Adventure, Hiking, Educational activities','https://res.cloudinary.com/hello-tickets/image/upload/c_limit,f_auto,q_auto,w_1300/v1658148277/n1accck96dtjwyu8oino.jpg',30000,'family'),(64,'Family Adventure in Sydney','Embark on a family adventure in the vibrant city of Sydney. Explore iconic landmarks like the Sydney Opera House, enjoy family-friendly activities, and experience the beauty of Australia. This tour is designed for families seeking a memorable and enriching experience in the Land Down Under.',7,1100,'USD','2023-12-10 00:00:00','2023-12-16 00:00:00','Family-friendly, Sydney, Adventure, Opera House, Enriching experience','https://vietworldtravel.vn/wp-content/uploads/2022/03/tokyo-disneyland-a-scaled.jpg',38000,'family'),(65,'Family Reef Exploration in Great Barrier Reef','Discover the wonders of the Great Barrier Reef with your family. Snorkel among vibrant coral reefs, witness diverse marine life, and enjoy family-friendly activities in one of the world\'s most spectacular natural wonders. This tour offers a perfect blend of adventure and relaxation for families.',9,1500,'USD','2024-01-05 00:00:00','2024-01-13 00:00:00','Family-friendly, Great Barrier Reef, Reef exploration, Snorkeling, Marine life','https://exploreshizuoka.jp/wp-content/uploads/2022/04/Ryuganbuchi-scaled.jpg',50000,'family'),(66,'Family Outback Safari in Alice Springs','Experience the unique beauty of the Australian Outback with your family. Explore the rugged landscapes, encounter native wildlife, and engage in family-friendly activities in the heart of Australia. This tour provides a perfect blend of adventure and cultural immersion.',8,1300,'USD','2024-02-01 00:00:00','2024-02-08 00:00:00','Family-friendly, Alice Springs, Outback Safari, Wildlife, Cultural immersion','https://jw-webmagazine.com/wp-content/uploads/2017/10/Sanjusangendo-Temple.jpg',45000,'family'),(67,'Family Beach Retreat in Gold Coast','Enjoy a relaxing beach retreat in the stunning Gold Coast with your family. Relax on sandy shores, experience thrilling theme parks, and participate in family-friendly activities. This tour provides a perfect blend of sun, sea, and family fun in one of Australia\'s most popular beach destinations.',6,900,'USD','2024-02-15 00:00:00','2024-02-20 00:00:00','Family-friendly, Gold Coast, Beach retreat, Theme parks, Family fun','https://www.wendywutours.com.au/resource/upload/900/banner-osaka-castle.jpg',30000,'family'),(68,'Family Amazon Adventure','Embark on a family adventure in the Amazon Rainforest. Explore diverse ecosystems, encounter exotic wildlife, and engage in family-friendly activities in one of the world\'s most iconic natural wonders. This tour provides a perfect blend of adventure and environmental education for families.',8,1400,'USD','2023-12-10 00:00:00','2023-12-18 00:00:00','Family-friendly, Amazon Rainforest, Adventure, Wildlife, Environmental education','https://images.unsplash.com/photo-1514907283155-ea5f4094c70c?ixlib=rb-1.2.1&q=80&fm=jpg&crop=entropy&cs=tinysrgb&fit=max&ixid=eyJhcHBfaWQiOjExNzczfQ&w=1600',48000,'family'),(69,'Family Carnival Fiesta in Rio de Janeiro','Experience the vibrant energy of Rio de Janeiro\'s Carnival with your family. Witness colorful parades, dance to samba rhythms, and participate in family-friendly festivities. This tour offers a perfect blend of cultural immersion and festive celebration in Brazil.',6,1000,'USD','2024-01-05 00:00:00','2024-01-10 00:00:00','Family-friendly, Rio de Janeiro, Carnival, Samba rhythms, Festive celebration','https://files.wheeleasy.org/media/places/597ada5a422dee24ac4a5e40/wheeleasy-sydney-opera-house-2.webp',35000,'family'),(70,'Family Coastal Retreat in Salvador','Enjoy a relaxing coastal retreat in the vibrant city of Salvador. Explore historic sites, relax on sandy beaches, and participate in family-friendly activities. This tour provides a perfect blend of sun, sea, and cultural exploration for families.',5,800,'USD','2024-02-01 00:00:00','2024-02-05 00:00:00','Family-friendly, Salvador, Coastal retreat, Historic sites, Cultural exploration','https://image.kkday.com/v2/image/get/w_960%2Cc_fit%2Cq_55%2Ct_webp/s1.kkday.com/product_139795/20230226121719_wewu6/jpg',25000,'family'),(71,'Family Jungle Safari in Iguazu Falls','Embark on a family jungle safari near the breathtaking Iguazu Falls. Explore lush rainforests, marvel at the cascading waterfalls, and engage in family-friendly activities. This tour offers a perfect blend of adventure and natural wonders for families.',7,1200,'USD','2024-02-15 00:00:00','2024-02-21 00:00:00','Family-friendly, Iguazu Falls, Jungle safari, Waterfalls, Natural wonders','https://nudoanhnhan.net/wp-content/uploads/2019/02/NDN_the-great-ocean-road_3_3.jpg',40000,'family'),(72,'Family Safari in Kruger National Park','Embark on a family-friendly safari adventure in the renowned Kruger National Park. Witness the Big Five, explore diverse ecosystems, and engage in family-oriented activities. This tour offers a perfect blend of wildlife encounters and cultural experiences for families.',7,1200,'USD','2023-12-10 00:00:00','2023-12-16 00:00:00','Family-friendly, Kruger National Park, Safari, Wildlife encounters, Cultural experiences','https://richedwardsimagery.files.wordpress.com/2018/03/a-view-of-copacabana-beach-rio-de-janeiro-brazil-from-its-southern-terminus-looking-north-ipanema-beach-is-behind-us-to-the-south-around-the-corner.jpg',40000,'family'),(73,'Family Coastline Exploration in Cape Town','Explore the stunning coastline of Cape Town with your family. Visit iconic landmarks, relax on sandy beaches, and participate in family-friendly activities. This tour provides a perfect blend of cultural exploration and beachside relaxation for families.',8,1300,'USD','2024-01-05 00:00:00','2024-01-12 00:00:00','Family-friendly, Cape Town, Coastline exploration, Sandy beaches, Cultural exploration','https://content.api.news/v3/images/bin/fa137cb798e072f272f7c944f2a6006f',45000,'family'),(74,'Family Winelands Adventure in Stellenbosch','Experience a family-friendly adventure in the picturesque Winelands of Stellenbosch. Explore historic vineyards, indulge in delicious cuisine, and participate in family-oriented activities. This tour offers a perfect blend of relaxation and culinary exploration for families.',6,1000,'USD','2024-02-01 00:00:00','2024-02-06 00:00:00','Family-friendly, Stellenbosch, Winelands, Culinary exploration, Relaxation','https://media.wired.com/photos/63dd40bb84464089ca2fc6ab/master/pass/Sci-amazon-1322470077.jpg',35000,'family'),(75,'Family Adventure in Drakensberg Mountains','Embark on a family adventure in the breathtaking Drakensberg Mountains. Hike scenic trails, discover cultural heritage, and engage in family-friendly activities in the heart of South Africa. This tour provides a perfect blend of natural beauty and cultural immersion for families.',5,800,'USD','2024-02-15 00:00:00','2024-02-19 00:00:00','Family-friendly, Drakensberg Mountains, Adventure, Hiking, Cultural immersion','https://thumbs.dreamstime.com/z/family-plays-costumes-street-carnival-brazil-family-urban-carnival-rio-de-janeiro-134942505.jpg',30000,'family'),(76,'Family Amazon Adventure','Embark on a family adventure in the Amazon Rainforest. Explore diverse ecosystems, encounter exotic wildlife, and engage in family-friendly activities in one of the world\'s most iconic natural wonders. This tour provides a perfect blend of adventure and environmental education for families.',8,1400,'USD','2023-12-10 00:00:00','2023-12-18 00:00:00','Family-friendly, Amazon Rainforest, Adventure, Wildlife, Environmental education','https://theincidentaltourist.com/wp-content/uploads/2020/09/Table-Mountain.7.jpg',48000,'family'),(77,'Family Carnival Fiesta in Rio de Janeiro','Experience the vibrant energy of Rio de Janeiro\'s Carnival with your family. Witness colorful parades, dance to samba rhythms, and participate in family-friendly festivities. This tour offers a perfect blend of cultural immersion and festive celebration in Brazil.',6,1000,'USD','2024-01-05 00:00:00','2024-01-10 00:00:00','Family-friendly, Rio de Janeiro, Carnival, Samba rhythms, Festive celebration','https://media.gadventures.com/media-server/cache/92/9b/929b8f99eb4dcfb115ca9d735480814c.jpg',35000,'family'),(78,'Family Coastal Retreat in Salvador','Enjoy a relaxing coastal retreat in the vibrant city of Salvador. Explore historic sites, relax on sandy beaches, and participate in family-friendly activities. This tour provides a perfect blend of sun, sea, and cultural exploration for families.',5,800,'USD','2024-02-01 00:00:00','2024-02-05 00:00:00','Family-friendly, Salvador, Coastal retreat, Historic sites, Cultural exploration','https://www.westcoastway.co.za/wp-content/uploads/2018/04/Robben-Island-Museum-b.jpg',25000,'family'),(79,'Family Jungle Safari in Iguazu Falls','Embark on a family jungle safari near the breathtaking Iguazu Falls. Explore lush rainforests, marvel at the cascading waterfalls, and engage in family-friendly activities. This tour offers a perfect blend of adventure and natural wonders for families.',7,1200,'USD','2024-02-15 00:00:00','2024-02-21 00:00:00','Family-friendly, Iguazu Falls, Jungle safari, Waterfalls, Natural wonders','https://www.nature-reserve.co.za/images/blyde-river-canyon-view-786x500.jpg',40000,'family');
/*!40000 ALTER TABLE `tour` ENABLE KEYS */;
UNLOCK TABLES;

--
-- Table structure for table `tour_dest`
--

DROP TABLE IF EXISTS `tour_dest`;
/*!40101 SET @saved_cs_client     = @@character_set_client */;
/*!50503 SET character_set_client = utf8mb4 */;
CREATE TABLE `tour_dest` (
  `tour_id` int NOT NULL,
  `dest_id` int NOT NULL,
  PRIMARY KEY (`tour_id`,`dest_id`),
  KEY `dest_id` (`dest_id`),
  CONSTRAINT `tour_dest_ibfk_1` FOREIGN KEY (`tour_id`) REFERENCES `tour` (`id`),
  CONSTRAINT `tour_dest_ibfk_2` FOREIGN KEY (`dest_id`) REFERENCES `destination` (`id`)
) ENGINE=InnoDB DEFAULT CHARSET=utf8mb4 COLLATE=utf8mb4_0900_ai_ci;
/*!40101 SET character_set_client = @saved_cs_client */;

--
-- Dumping data for table `tour_dest`
--

LOCK TABLES `tour_dest` WRITE;
/*!40000 ALTER TABLE `tour_dest` DISABLE KEYS */;
INSERT INTO `tour_dest` VALUES (1,1),(15,1),(21,1),(56,1),(59,1),(1,2),(21,2),(23,2),(56,2),(57,2),(15,3),(23,3),(56,3),(57,3),(58,3),(22,4),(57,4),(58,4),(59,4),(22,5),(58,5),(59,5),(6,6),(10,6),(13,6),(60,6),(63,6),(6,7),(60,7),(61,7),(6,8),(11,8),(17,8),(60,8),(61,8),(62,8),(13,9),(61,9),(62,9),(63,9),(62,10),(63,10),(2,11),(15,11),(23,11),(64,11),(67,11),(2,12),(7,12),(17,12),(64,12),(65,12),(7,13),(11,13),(64,13),(65,13),(66,13),(7,14),(17,14),(65,14),(66,14),(67,14),(66,15),(67,15),(3,16),(12,16),(68,16),(71,16),(3,17),(8,17),(10,17),(12,17),(16,17),(68,17),(69,17),(3,18),(10,18),(68,18),(69,18),(70,18),(8,19),(10,19),(16,19),(69,19),(70,19),(71,19),(8,20),(12,20),(70,20),(71,20),(4,21),(18,21),(72,21),(75,21),(4,22),(18,22),(72,22),(73,22),(4,23),(9,23),(14,23),(20,23),(72,23),(73,23),(74,23),(9,24),(14,24),(20,24),(73,24),(74,24),(75,24),(9,25),(14,25),(20,25),(74,25),(75,25),(5,26),(19,26),(76,26),(79,26),(5,27),(18,27),(19,27),(20,27),(76,27),(77,27),(5,28),(19,28),(76,28),(77,28),(78,28),(19,29),(77,29),(78,29),(79,29),(78,30),(79,30),(24,31),(27,31),(52,31),(55,31),(24,32),(25,32),(52,32),(53,32),(24,33),(25,33),(26,33),(52,33),(53,33),(54,33),(25,34),(26,34),(27,34),(53,34),(54,34),(55,34),(26,35),(27,35),(54,35),(55,35),(28,36),(31,36),(48,36),(51,36),(28,37),(29,37),(48,37),(49,37),(28,38),(29,38),(30,38),(48,38),(49,38),(50,38),(29,39),(30,39),(31,39),(49,39),(50,39),(51,39),(30,40),(31,40),(50,40),(51,40),(32,41),(35,41),(44,41),(47,41),(32,42),(33,42),(44,42),(45,42),(32,43),(33,43),(34,43),(44,43),(45,43),(46,43),(33,44),(34,44),(35,44),(45,44),(46,44),(47,44),(34,45),(35,45),(46,45),(47,45),(36,46),(39,46),(40,46),(43,46),(36,47),(37,47),(40,47),(41,47),(36,48),(37,48),(38,48),(40,48),(41,48),(42,48),(37,49),(38,49),(39,49),(41,49),(42,49),(43,49),(38,50),(39,50),(42,50),(43,50);
/*!40000 ALTER TABLE `tour_dest` ENABLE KEYS */;
UNLOCK TABLES;

--
-- Table structure for table `user`
--

DROP TABLE IF EXISTS `user`;
/*!40101 SET @saved_cs_client     = @@character_set_client */;
/*!50503 SET character_set_client = utf8mb4 */;
CREATE TABLE `user` (
  `id` int NOT NULL AUTO_INCREMENT,
  `role` varchar(255) NOT NULL,
  `email` varchar(255) NOT NULL,
  `password` varchar(255) NOT NULL,
  `created` datetime DEFAULT NULL,
  PRIMARY KEY (`id`)
) ENGINE=InnoDB DEFAULT CHARSET=utf8mb4 COLLATE=utf8mb4_0900_ai_ci;
/*!40101 SET character_set_client = @saved_cs_client */;

--
-- Dumping data for table `user`
--

LOCK TABLES `user` WRITE;
/*!40000 ALTER TABLE `user` DISABLE KEYS */;
/*!40000 ALTER TABLE `user` ENABLE KEYS */;
UNLOCK TABLES;
/*!40103 SET TIME_ZONE=@OLD_TIME_ZONE */;

/*!40101 SET SQL_MODE=@OLD_SQL_MODE */;
/*!40014 SET FOREIGN_KEY_CHECKS=@OLD_FOREIGN_KEY_CHECKS */;
/*!40014 SET UNIQUE_CHECKS=@OLD_UNIQUE_CHECKS */;
/*!40101 SET CHARACTER_SET_CLIENT=@OLD_CHARACTER_SET_CLIENT */;
/*!40101 SET CHARACTER_SET_RESULTS=@OLD_CHARACTER_SET_RESULTS */;
/*!40101 SET COLLATION_CONNECTION=@OLD_COLLATION_CONNECTION */;
/*!40111 SET SQL_NOTES=@OLD_SQL_NOTES */;

-- Dump completed on 2023-11-17 11:24:49
