-- MySQL dump 10.13  Distrib 8.0.32, for Win64 (x86_64)
--
-- Host: localhost    Database: travelhieu
-- ------------------------------------------------------
-- Server version	8.0.32

create database travelgiang;

use travelgiang;

/*!40101 SET @OLD_CHARACTER_SET_CLIENT=@@CHARACTER_SET_CLIENT */;
/*!40101 SET @OLD_CHARACTER_SET_RESULTS=@@CHARACTER_SET_RESULTS */;
/*!40101 SET @OLD_COLLATION_CONNECTION=@@COLLATION_CONNECTION */;
/*!50503 SET NAMES utf8mb4 */;
/*!40103 SET @OLD_TIME_ZONE=@@TIME_ZONE */;
/*!40103 SET TIME_ZONE='+00:00' */;
/*!40014 SET @OLD_UNIQUE_CHECKS=@@UNIQUE_CHECKS, UNIQUE_CHECKS=0 */;
/*!40014 SET @OLD_FOREIGN_KEY_CHECKS=@@FOREIGN_KEY_CHECKS, FOREIGN_KEY_CHECKS=0 */;
/*!40101 SET @OLD_SQL_MODE=@@SQL_MODE, SQL_MODE='NO_AUTO_VALUE_ON_ZERO' */;
/*!40111 SET @OLD_SQL_NOTES=@@SQL_NOTES, SQL_NOTES=0 */;

--
-- Table structure for table `accommodation`
--

DROP TABLE IF EXISTS `accommodation`;
/*!40101 SET @saved_cs_client     = @@character_set_client */;
/*!50503 SET character_set_client = utf8mb4 */;
CREATE TABLE `accommodation` (
  `id` int NOT NULL AUTO_INCREMENT,
  `name` varchar(255) NOT NULL,
  `destId` int NOT NULL,
  `pricePerNight` double NOT NULL,
  `priceCurrency` varchar(255) DEFAULT 'USD',
  `address` varchar(255) NOT NULL,
  `telephone` varchar(255) NOT NULL,
  `contactEmail` varchar(255) NOT NULL,
  `description` text,
  `additionInfo` varchar(255) NOT NULL,
  `demoImage` text,
  PRIMARY KEY (`id`),
  KEY `destId` (`destId`)
  -- CONSTRAINT `accommodation_ibfk_1` FOREIGN KEY (`destId`) REFERENCES `destination` (`id`) ON DELETE CASCADE ON UPDATE CASCADE
) ENGINE=InnoDB AUTO_INCREMENT=43 DEFAULT CHARSET=utf8mb4 COLLATE=utf8mb4_0900_ai_ci;
/*!40101 SET character_set_client = @saved_cs_client */;

--
-- Dumping data for table `accommodation`
--

LOCK TABLES `accommodation` WRITE;
/*!40000 ALTER TABLE `accommodation` DISABLE KEYS */;
INSERT INTO `accommodation` VALUES (1,'Owen House by Hmlet',1,100,'USD','2 Owen Road, Farrer Park','555-1234','info@owenhouse.com','A 2-minute walk from Mustafa Center, Owen House by Hmlet provides sustainable 4-star accommodations in the Farrer Park district of Singapore. Among the facilities at this property are an elevator and a shared kitchen, along with free Wifi throughout the property. Raffles City is 1.7 miles from the condo hotel, and St. Andrew\'s Cathedral is 1.8 miles away.\n\nAt the condo hotel, all units come with a wardrobe, a flat-screen TV, a private bathroom, bed linen, and towels. All rooms come with a kettle, while selected rooms are fitted with a fully equipped kitchenette with a microwave, a fridge, and a stovetop.\n\nThere is a snack bar, bar, and lounge.\n\nBugis Street is a 19-minute walk from the condo hotel, while Singapore Art Museum is 1.2 miles away. The nearest airport is Seletar Airport, 8.1 miles from Owen House by Hmlet.\n\nCouples in particular like the location - they rated it 8.9 for a two-person trip.','Free Wifi, Balcony, Air Conditioning','https://ik.imagekit.io/tvlk/apr-asset/dgXfoyh24ryQLRcGq00cIdKHRmotrWLNlvG-TxlcLxGkiDwaUSggleJNPRgIHCX6/hotel/asset/20009795-db238d34ffccb8df75276c87913ab008.jpeg?_src=imagekit&tr=c-at_max,fo-auto,h-370,q-40,w-700,\n    https://ik.imagekit.io/tvlk/apr-asset/dgXfoyh24ryQLRcGq00cIdKHRmotrWLNlvG-TxlcLxGkiDwaUSggleJNPRgIHCX6/hotel/asset/20009795-db238d34ffccb8df75276c87913ab008.jpeg?_src=imagekit&tr=c-at_max,h-360,q-40,w-640,\n    https://img.freepik.com/free-photo/3d-rendering-modern-luxury-bedroom-suite-bathroom_105762-1936.jpg?size=626&ext=jpg,\n    https://img.freepik.com/free-photo/luxury-bedroom-interior-with-rich-furniture-scenic-view-from-walkout-deck_1258-111480.jpg?size=626&ext=jpg,\n    https://img.freepik.com/free-photo/hotel-room-luxury-resort_53876-138105.jpg?size=626&ext=jpg,\n    https://img.freepik.com/free-photo/luxury-bedroom-suite-resort-high-rise-hotel-with-working-table_105762-1783.jpg?size=626&ext=jpg,\n    https://img.freepik.com/free-photo/relax-bedroom_1150-17980.jpg?size=626&ext=jpg'),(2,'Green Valley Resort',2,150,'USD','123 Tranquil Lane, Natureville','555-5678','info@greenvalleyresort.com','Escape to the serene Green Valley Resort, nestled in the heart of Natureville. Our resort offers a peaceful retreat surrounded by lush greenery and breathtaking views. Enjoy modern amenities, a spa, and nature walks. Perfect for a relaxing getaway.','Spa, Nature Walks, Pet-Friendly','https://img.freepik.com/free-photo/luxury-bedroom-hotel_1150-10836.jpg?size=626&ext=jpg,\nhttps://img.freepik.com/free-photo/pillow-bed_74190-2140.jpg?size=626&ext=jpg,\nhttps://img.freepik.com/free-photo/spacious-room-with-bed_1203-633.jpg?size=626&ext=jpg,\nhttps://img.freepik.com/free-photo/interior-modern-comfortable-hotel-room_1232-1822.jpg?size=626&ext=jpg,\nhttps://img.freepik.com/free-photo/elegant-hotel-room-with-big-bed_1203-1494.jpg?size=626&ext=jpg,\nhttps://img.freepik.com/free-photo/bedroom-pillow_74190-294.jpg?size=626&ext=jpg,\nhttps://img.freepik.com/free-photo/luxury-classic-modern-bedroom-suite-hotel_105762-1787.jpg?size=626&ext=jpg,\nhttps://cf2.bstatic.com/xdata/images/hotel/max1024x768/80171346.jpg?k=3e231db827f6e0e85f6ba16700f3a79d0e894a3b8f96d01589bd359a3b4b0c95&o=&hp=1'),(3,'Sunset Beach Villa',3,200,'USD','456 Sunset Blvd, Seaside Paradise','555-9876','info@sunsetbeachvilla.com','Experience luxury at Sunset Beach Villa, located on the picturesque Sunset Blvd. Indulge in beachfront living, private pools, and gourmet dining. Our villas offer the perfect blend of relaxation and sophistication.','Private Pool, Beachfront, Gourmet Dining','https://img.freepik.com/free-photo/pillow-bed_74190-2140.jpg?size=626&ext=jpg,\nhttps://img.freepik.com/free-photo/spacious-room-with-bed_1203-633.jpg?size=626&ext=jpg,\nhttps://img.freepik.com/free-photo/interior-modern-comfortable-hotel-room_1232-1822.jpg?size=626&ext=jpg,\nhttps://img.freepik.com/free-photo/elegant-hotel-room-with-big-bed_1203-1494.jpg?size=626&ext=jpg,\nhttps://img.freepik.com/free-photo/bedroom-pillow_74190-294.jpg?size=626&ext=jpg,\nhttps://img.freepik.com/free-photo/luxury-classic-modern-bedroom-suite-hotel_105762-1787.jpg?size=626&ext=jpg,\nhttps://img.freepik.com/premium-photo/mastre-bedroom-with-terrace-overlooking-sea_244125-1038.jpg?size=626&ext=jpg,\nhttps://img.freepik.com/premium-photo/picture-bedroom-hotel-with-yellow-neon-light_177530-1222.jpg?size=626&ext=jpg'),(4,'Mountain Retreat Lodge',6,130,'USD','23 Serene Trail, Mountain Valley','555-2468','info@mountainretreat.com','Experience tranquility in our lodge nestled in the scenic mountain valley. Ideal for nature lovers.','Hiking Trails, Cozy Fireplace','https://cf2.bstatic.com/xdata/images/hotel/max1024x768/45510510.jpg?k=2f53aaa95d6de45722addd504645fd882694035887efda399b0e0d3253ec07b8&o=&hp=1,\nhttps://cf2.bstatic.com/xdata/images/hotel/max1024x768/468948519.jpg?k=a27a284cd3bcc8316aca23c78ad21f4fa3fcca0d0a1c580054156dc8ceaa63c7&o=&hp=1,\nhttps://cf2.bstatic.com/xdata/images/hotel/max1024x768/45510443.jpg?k=25170b445cff1e2ff9d8defe1cd03c2a3883150262eb8b7928ed8c559c1368b7&o=&hp=1,\nhttps://cf2.bstatic.com/xdata/images/hotel/max1024x768/80171346.jpg?k=3e231db827f6e0e85f6ba16700f3a79d0e894a3b8f96d01589bd359a3b4b0c95&o=&hp=1,\nhttps://cf2.bstatic.com/xdata/images/hotel/max1024x768/80412708.jpg?k=4ffefc29907bbc0255ba196a080206dcc2d29632eb4f94ff318ffada1955d036&o=&hp=1,\nhttps://cf2.bstatic.com/xdata/images/hotel/max1024x768/235989267.jpg?k=23348aa2fd25dfea9689c67fe7d7c2bc4ebd754cd4d8d1401de46f8c233ad575&o=&hp=1,\nhttps://cf2.bstatic.com/xdata/images/hotel/max1024x768/235989265.jpg?k=b7d95b51ee6d57cf5dccd2e63f8faa9bbfe6bb9e9396c08e5651105eeb3129d8&o=&hp=1'),(5,'Panoramic Penthouse Venice Marina Del Rey',7,250,'USD','4143 Via Marina, Los Angeles, CA 90292, United States of America','+1-555-555-5555','info@panoramicpenthouse.com','Panoramic Penthouse Venice/ Marina Del Rey is a luxurious entire apartment located in Los Angeles. Enjoy a spacious 128 m² size, private parking with on-site electric charging (US$20 per day), a swimming pool, hot tub, and free WiFi. The pet-friendly accommodation also features BBQ facilities, air conditioning, and a fully equipped kitchen. The penthouse is situated in the beautiful Marina Del Rey area.','Private Parking, Swimming Pool, Hot Tub, Free WiFi, Pet-Friendly, BBQ Facilities, Air Conditioning, Fully Equipped Kitchen','https://ik.imagekit.io/tvlk/apr-asset/dgXfoyh24ryQLRcGq00cIdKHRmotrWLNlvG-TxlcLxGkiDwaUSggleJNPRgIHCX6/hotel/asset/20009795-db238d34ffccb8df75276c87913ab008.jpeg?_src=imagekit&tr=c-at_max,h-360,q-40,w-640,\nhttps://img.freepik.com/free-photo/luxury-bedroom-interior-with-rich-furniture-scenic-view-from-walkout-deck_1258-111480.jpg?size=626&ext=jpg,\nhttps://ik.imagekit.io/tvlk/apr-asset/dgXfoyh24ryQLRcGq00cIdKHRmotrWLNlvG-TxlcLxGkiDwaUSggleJNPRgIHCX6/hotel/asset/20009795-db238d34ffccb8df75276c87913ab008.jpeg?_src=imagekit&tr=c-at_max,fo-auto,h-370,q-40,w-700,\nhttps://img.freepik.com/free-photo/3d-rendering-modern-luxury-bedroom-suite-bathroom_105762-1936.jpg?size=626&ext=jpg,\nhttps://img.freepik.com/free-photo/hotel-room-luxury-resort_53876-138105.jpg?size=626&ext=jpg,\nhttps://img.freepik.com/free-photo/relax-bedroom_1150-17980.jpg?size=626&ext=jpg,\nhttps://img.freepik.com/free-photo/luxury-bedroom-suite-resort-high-rise-hotel-with-working-table_105762-1783.jpg?size=626&ext=jpg'),(6,'Naples Bliss RV Stay',18,80,'USD','4437 18th Avenue Southwest, Naples, FL 34116, United States of America','+1-555-555-5555','info@naplesblissrv.com','Naples Bliss RV Stay is a cozy accommodation set in the beautiful city of Naples. Enjoy the freedom and comfort of RV living at our location. The site offers free WiFi, and all our rooms are non-smoking.','Free WiFi, Non-smoking Rooms','https://cf2.bstatic.com/xdata/images/hotel/max1280x900/235989265.jpg?k=b7d95b51ee6d57cf5dccd2e63f8faa9bbfe6bb9e9396c08e5651105eeb3129d8&o=&hp=1,\nhttps://cf2.bstatic.com/xdata/images/hotel/max1280x900/235989267.jpg?k=23348aa2fd25dfea9689c67fe7d7c2bc4ebd754cd4d8d1401de46f8c233ad575&o=&hp=1,\nhttps://cf2.bstatic.com/xdata/images/hotel/max1280x900/80412708.jpg?k=4ffefc29907bbc0255ba196a080206dcc2d29632eb4f94ff318ffada1955d036&o=&hp=1,\nhttps://cf2.bstatic.com/xdata/images/hotel/max1280x900/80171346.jpg?k=3e231db827f6e0e85f6ba16700f3a79d0e894a3b8f96d01589bd359a3b4b0c95&o=&hp=1,\nhttps://cf2.bstatic.com/xdata/images/hotel/max1280x900/45510443.jpg?k=25170b445cff1e2ff9d8defe1cd03c2a3883150262eb8b7928ed8c559c1368b7&o=&hp=1,\nhttps://cf2.bstatic.com/xdata/images/hotel/max1024x768/264085635.jpg?k=47cad6d57007b1eb5ea53aa6d466de949f075f3b161506a6e0e34676d948e066&o=&hp=1,\nhttps://cf2.bstatic.com/xdata/images/hotel/max1024x768/455242974.jpg?k=3da945588b626989eda5f18e681a162fae6b8ab1c4df5c6814d619743f40a0fa&o=&hp=1'),(7,'One of a kind LLC',4,120,'USD','Brooklyn, New York','+1-555-111-1111','info@oneofakind.com','One of a kind LLC is a unique accommodation set in the heart of Brooklyn.','Subway Access','https://cf2.bstatic.com/xdata/images/hotel/max1024x768/484740067.jpg?k=52dbb831409e3af841cb90197f954ee973713cd5b61a7d2f24795dc4e7b0434c&o=&hp=1,\nhttps://cf2.bstatic.com/xdata/images/hotel/max1024x768/278509462.jpg?k=fe689fc1e2e19b9ef42aadab15a76a96cdff5d9bd0d32f8eccfb894c9a317114&o=&hp=1,\nhttps://cf2.bstatic.com/xdata/images/hotel/max1024x768/484740064.jpg?k=fe1236c6b9c604890f95291e1e321bdb5e04c24efa3efc90f5e8e7dbb60596b8&o=&hp=1,\nhttps://cf2.bstatic.com/xdata/images/hotel/max1024x768/481995469.jpg?k=65718afb23cbd0a519ebf555cc4b40c59020f4ce6095a5484ecc4ffaf3a264f3&o=&hp=1,\nhttps://cf2.bstatic.com/xdata/images/hotel/max1024x768/393287110.jpg?k=1b151deabc822bbe542b956b9625916058000f9fcc265bb97cd017501253c81f&o=&hp=1,\nhttps://cf2.bstatic.com/xdata/images/hotel/max1024x768/393287121.jpg?k=532432c511761f2fa6971058f0ceffaf5e330b35301045f365909d29dbf8ae0f&o=&hp=1,\nhttps://cf2.bstatic.com/xdata/images/hotel/max1024x768/342587918.jpg?k=bfb167aa5554c4ca42bfac6dabf83fc550a01aed4ef2387504378e791e99c3f2&o=&hp=1,'),(8,'Skinny Big House in Jefferson City',6,90,'USD','Jefferson City, Tennessee','+1-555-222-2222','info@skinnybighouse.com','Skinny Big House in Jefferson City offers accommodations just miles away from Knoxville Zoological Gardens and Market Square.','','https://cf2.bstatic.com/xdata/images/hotel/max1024x768/278509802.jpg?k=f20ff12b7e5e9b64ef1f79ac6edd50896c81450e133b6b8fe4399471d2dbd674&o=&hp=1,\nhttps://cf2.bstatic.com/xdata/images/hotel/max1024x768/342587915.jpg?k=743bdc0d27992e4a3537a48ac37b73ecf38f77a8f8c40dc1051a4fe35fc19ac9&o=&hp=1,\nhttps://cf2.bstatic.com/xdata/images/hotel/max1024x768/412698326.jpg?k=3135e76ab576e37a9d6d649484e3fb5cf5c820acb0e079f0f3910ffb619eba30&o=&hp=1,\nhttps://cf2.bstatic.com/xdata/images/hotel/max1024x768/242993575.jpg?k=5b3a0be8e68ada4444876db8a1a1e753c9a534094f5d8f399ac973c1ed1eaeaf&o=&hp=1,\nhttps://cf2.bstatic.com/xdata/images/hotel/max1024x768/416972301.jpg?k=9c4fe6df99bddc7002ea24a4cbc9b712e9be714f783d808a1d7b1864b59708b8&o=&hp=1,\nhttps://cf2.bstatic.com/xdata/images/hotel/max1024x768/499184910.jpg?k=fed4631a63d23e2254cf40ea1dce59a4e7b7838186734217290eb29dfd48381b&o=&hp=1,\nhttps://cf2.bstatic.com/xdata/images/hotel/max1024x768/481501535.jpg?k=eac246ec8a8e493b6baceefa654099ff45428f25e43efd081b44316be714fefc&o=&hp=1,\nhttps://cf2.bstatic.com/xdata/images/hotel/max1024x768/499902197.jpg?k=8e43ea6ad98aa23e46490b827257daffedb3a6e569168f2e9bfc264ec212be22&o=&hp'),(9,'Beautiful lakefront private resort home, Lake LBJ',9,180,'USD','Buchanan Dam, Texas','+1-555-333-3333','info@lakebjresort.com','A recently renovated vacation home in Buchanan Dam, Beautiful lakefront private resort home, Lake LBJ offers outdoor fireplace, private parking, and sports facilities.','','https://cf2.bstatic.com/xdata/images/hotel/max1024x768/417845113.jpg?k=f316233ed0d55c8d771c6ef382892bb9b03ed48761de9bb2a3c48e2eaf9f08db&o=&hp=1,\nhttps://cf2.bstatic.com/xdata/images/hotel/max1024x768/444515414.jpg?k=441f31a1299ec27caf6caee33942cef9d6d8995498e3274c51575769b3e8ea23&o=&hp=1,\nhttps://cf2.bstatic.com/xdata/images/hotel/max1024x768/242822827.jpg?k=51cc90a30fdc859c8d7609524ce643080e42cfdc7fe7e2949f596d071063b219&o=&hp=1,\nhttps://cf2.bstatic.com/xdata/images/hotel/max1024x768/242993585.jpg?k=a05b3bab8e17e91df82d3fd5f825b3f724c6d5da5d7dbec4c554ef92ced5f0a8&o=&hp=1,\nhttps://cf2.bstatic.com/xdata/images/hotel/max1024x768/242756012.jpg?k=5d8d886c1242d477b8477a22c7b87491bbc3bf101c4edfc6915862904c3932db&o=&hp=1,\nhttps://cf2.bstatic.com/xdata/images/hotel/max1024x768/242684710.jpg?k=c4811b7a73b30c421384ffc7a0ff47ae78dce1c9ce5f2c4c1306b5542d763bfc&o=&hp=1,\nhttps://cf2.bstatic.com/xdata/images/hotel/max1024x768/242759483.jpg?k=0c5969c6f4cd8d468cda2a56a90b8e32dc39e39db754ba62dc912bb98b288b95&o=&hp=1,\nhttps://cf2.bstatic.com/xdata/images/hotel/max1024x768/242759474.jpg?k=efe92feea1611909bfe349fe7b1b0d584a000ec67aea09e1500148396c3f5545&o=&hp=1,'),(10,'Church of the Perpetual Boogie',12,70,'USD','Danville, California','+1-555-444-4444','info@perpetualboogie.com','Church of the Perpetual Boogie is a unique accommodation situated in Danville.','','https://cf2.bstatic.com/xdata/images/hotel/max1024x768/416973324.jpg?k=1a8873de30dadbb6948f6dffb45ded6d4662660c02ae47ebc18cac1ec95bbec3&o=&hp=1,\nhttps://cf2.bstatic.com/xdata/images/hotel/max1024x768/444515402.jpg?k=7215e46418c22b25f97d3c94d618631f43d3b4c36eeffb7e493ed71fa375fb66&o=&hp=1,\nhttps://cf2.bstatic.com/xdata/images/hotel/max1024x768/483390424.jpg?k=20d19d0476a4956785b44d7066f4609736f84f948440a055c6d3071895fbb0db&o=&hp=1,\nhttps://cf2.bstatic.com/xdata/images/hotel/max1024x768/444515408.jpg?k=c211f37e8dd33e0ea2dabb8ae6797523999e0641c532975da36c4f291b31b1a7&o=&hp=1,\nhttps://cf2.bstatic.com/xdata/images/hotel/max1024x768/484742732.jpg?k=79b15083c243496d8be6eeef73bb1767d41ef5abfdcf0ba5974f5cae491af5c1&o=&hp=1,\nhttps://cf2.bstatic.com/xdata/images/hotel/max1024x768/242684727.jpg?k=3d39cd89c7fa5f2cb4019a365ab2db450db59e2d943ee8363775e3f54130ef91&o=&hp=1,\nhttps://cf2.bstatic.com/xdata/images/hotel/max1024x768/264085641.jpg?k=1a9fa5299f146d18ae32a81bdb0e3bc9b283a25753838791d1dc843753bd5ac4&o=&hp=1,'),(11,'Homey, private one bed, fifteen min to city',14,100,'USD','Chicago, Illinois','+1-555-555-5555','info@homeyprivate.com','Homey, private one bed, fifteen min to city is located in Chicago, just 2.2 miles from United Center and 4.1 miles from Union Station.','Subway Access','https://cf2.bstatic.com/images/hotel/max1280x900/499/499184476.jpg,\nhttps://cf2.bstatic.com/images/hotel/max1280x900/444/444515414.jpg,\nhttps://cf2.bstatic.com/images/hotel/max1280x900/483/483390424.jpg,\nhttps://cf2.bstatic.com/images/hotel/max1280x900/416/416972297.jpg,\nhttps://cf2.bstatic.com/images/hotel/max1280x900/417/417845113.jpg,\nhttps://cf2.bstatic.com/xdata/images/hotel/max1280x900/242878817.jpg?k=1173b2b7f5158edd21201a23e12ecd758bc14f67714fb5c63fe8a447962ac345&o=&hp=1,\nhttps://cf2.bstatic.com/xdata/images/xphoto/max500_ao/170451959.jpg?k=763f0b582b5a58396989a694b926fd8518fd5f1f15ef62e98ec292f550b5586c&o=,\nhttps://q-xx.bstatic.com/xdata/images/xphoto/300x350/215283468.png?k=adfd9a957bdca3a78b3cc74855f3f6b13264e773871bb91b90a7542173c0b450&o=,'),(12,'*NEW* Green Cedar Lodge, Nature Lovers Dream!',17,150,'USD','Oak Ridge, Tennessee','+1-555-666-6666','info@greencedarlodge.com','*NEW* Green Cedar Lodge, Nature Lovers Dream! is set in Oak Ridge.','','https://cf2.bstatic.com/xdata/images/hotel/max1280x900/264085641.jpg?k=1a9fa5299f146d18ae32a81bdb0e3bc9b283a25753838791d1dc843753bd5ac4&o=&hp=1,\nhttps://cf2.bstatic.com/xdata/images/hotel/max1280x900/353091158.jpg?k=bd32953c859ee37cbe01b679045efe7189c8099866890128a52532a53e0bfff9&o=&hp=1,\nhttps://cf2.bstatic.com/xdata/images/hotel/max1280x900/417845113.jpg?k=f316233ed0d55c8d771c6ef382892bb9b03ed48761de9bb2a3c48e2eaf9f08db&o=&hp=1,\nhttps://cf2.bstatic.com/xdata/images/hotel/max1280x900/444515414.jpg?k=441f31a1299ec27caf6caee33942cef9d6d8995498e3274c51575769b3e8ea23&o=&hp=1,\nhttps://cf2.bstatic.com/xdata/images/hotel/max1280x900/242822827.jpg?k=51cc90a30fdc859c8d7609524ce643080e42cfdc7fe7e2949f596d071063b219&o=&hp=1,\nhttps://cf2.bstatic.com/xdata/images/hotel/max1280x900/242993585.jpg?k=a05b3bab8e17e91df82d3fd5f825b3f724c6d5da5d7dbec4c554ef92ced5f0a8&o=&hp=1,\nhttps://cf2.bstatic.com/xdata/images/hotel/max1280x900/242756012.jpg?k=5d8d886c1242d477b8477a22c7b87491bbc3bf101c4edfc6915862904c3932db&o=&hp=1,'),(13,'Holiday Inn Club Vacations at Desert Club Resort',20,200,'USD','Las Vegas, Nevada','+1-555-777-7777','info@desertclubresort.com','Holiday Inn Club Vacations at Desert Club Resort is a 3-star property located in Las Vegas.','','https://cf2.bstatic.com/xdata/images/hotel/max1280x900/242684710.jpg?k=c4811b7a73b30c421384ffc7a0ff47ae78dce1c9ce5f2c4c1306b5542d763bfc&o=&hp=1,\nhttps://cf2.bstatic.com/xdata/images/hotel/max1280x900/242759483.jpg?k=0c5969c6f4cd8d468cda2a56a90b8e32dc39e39db754ba62dc912bb98b288b95&o=&hp=1,\nhttps://cf2.bstatic.com/xdata/images/hotel/max1280x900/242759474.jpg?k=efe92feea1611909bfe349fe7b1b0d584a000ec67aea09e1500148396c3f5545&o=&hp=1,\nhttps://cf2.bstatic.com/xdata/images/hotel/max1280x900/242684727.jpg?k=3d39cd89c7fa5f2cb4019a365ab2db450db59e2d943ee8363775e3f54130ef91&o=&hp=1,\nhttps://cf2.bstatic.com/xdata/images/hotel/max1280x900/278509468.jpg?k=03e5599a4ff07137bbe72c31eb7a35adf6a917bc9705ff5f1390303aed7b761c&o=&hp=1,\nhttps://cf2.bstatic.com/xdata/images/hotel/max1280x900/278509806.jpg?k=792092316f998015a680fbfc34e525e05d7d01ffd8a8329b073cb72708c79068&o=&hp=1,\nhttps://cf2.bstatic.com/xdata/images/hotel/max1280x900/242684715.jpg?k=6f680f21823f3849bed4e7e018e94b5f9ec00b8141c12eb89e5fc9f499fa74dd&o=&hp=1,\nhttps://cf2.bstatic.com/xdata/images/hotel/max1280x900/255863514.jpg?k=46665dbc69332ebd004637098f1ceeee060d924a76923101cc518fab47080103&o=&hp=1,\nhttps://cf2.bstatic.com/xdata/images/hotel/max1280x900/481501577.jpg?k=3d9d476569f7cc393ededa5d629ac30113f9be4334f0ff6d1216fa7dfacfc651&o=&hp=1,'),(14,'Palms Bay by Eco shared',23,110,'USD','Miami, Florida','+1-555-888-8888','info@palmsbay.com','Palms Bay by Eco shared is offering accommodations in Miami.','','https://cf2.bstatic.com/xdata/images/hotel/max1280x900/278509467.jpg?k=ee86ba116b929b3bcff2f17250dbbac39669caa141b0cc5337feb406dc62c236&o=&hp=1,\nhttps://cf2.bstatic.com/xdata/images/hotel/max1280x900/387364377.jpg?k=a1b13327bacfeb0514ee9b5995ea1b66accb345aa2059f04219e3060f61c35d6&o=&hp=1,\nhttps://cf2.bstatic.com/xdata/images/hotel/max1280x900/353091166.jpg?k=b399e7e50aa100a50b743239a16274cbdabc408f2c9c2ac689775497ce00e470&o=&hp=1,\nhttps://cf2.bstatic.com/xdata/images/hotel/max1280x900/242878833.jpg?k=8c79b905d10dc64630c25fbb7e53831164b441fc3f16cf85476572ba164f3f3c&o=&hp=1,\nhttps://cf2.bstatic.com/xdata/images/hotel/max1280x900/342587876.jpg?k=7106187b5a96569a7762c07f3faf6baf5822dca908a1eea40edf576e0e9b2ce3&o=&hp=1,\nhttps://cf2.bstatic.com/xdata/images/hotel/max1280x900/412698334.jpg?k=a1b1f1b92daf58019dd5b860397d8a3d9fc1bfc96bb4ec1b20a563fc4c963aff&o=&hp=1,\nhttps://cf2.bstatic.com/xdata/images/hotel/max1280x900/416973324.jpg?k=1a8873de30dadbb6948f6dffb45ded6d4662660c02ae47ebc18cac1ec95bbec3&o=&hp=1,\nhttps://cf2.bstatic.com/xdata/images/hotel/max1280x900/444515402.jpg?k=7215e46418c22b25f97d3c94d618631f43d3b4c36eeffb7e493ed71fa375fb66&o=&hp=1,'),(15,'Camelback ski in/ski out near in/outdoor waterpark',26,130,'USD','Tannersville, Pennsylvania','+1-555-999-9999','info@camelbackski.com','Camelback ski in/ski out near in/outdoor waterpark is located in Tannersville, just 16 miles from Delaware Water Gap National Recreation Area and 4.8 miles from Great Wolf Lodge Pocono Mountains.','','https://cf2.bstatic.com/xdata/images/hotel/max1280x900/483390424.jpg?k=20d19d0476a4956785b44d7066f4609736f84f948440a055c6d3071895fbb0db&o=&hp=1,\nhttps://cf2.bstatic.com/xdata/images/hotel/max1280x900/444515408.jpg?k=c211f37e8dd33e0ea2dabb8ae6797523999e0641c532975da36c4f291b31b1a7&o=&hp=1,\nhttps://cf2.bstatic.com/xdata/images/hotel/max1280x900/484742732.jpg?k=79b15083c243496d8be6eeef73bb1767d41ef5abfdcf0ba5974f5cae491af5c1&o=&hp=1,\nhttps://cf2.bstatic.com/xdata/images/hotel/max1280x900/481501535.jpg?k=eac246ec8a8e493b6baceefa654099ff45428f25e43efd081b44316be714fefc&o=&hp=1,\nhttps://cf2.bstatic.com/xdata/images/hotel/max1280x900/499902197.jpg?k=8e43ea6ad98aa23e46490b827257daffedb3a6e569168f2e9bfc264ec212be22&o=&hp=1,\nhttps://cf2.bstatic.com/xdata/images/hotel/max1280x900/242993575.jpg?k=5b3a0be8e68ada4444876db8a1a1e753c9a534094f5d8f399ac973c1ed1eaeaf&o=&hp=1,\nhttps://cf2.bstatic.com/xdata/images/hotel/max1280x900/342587915.jpg?k=743bdc0d27992e4a3537a48ac37b73ecf38f77a8f8c40dc1051a4fe35fc19ac9&o=&hp=1,'),(16,'Big Bear Lake - Sleeps 8 - Game Room - BBQ',29,160,'USD','Big Bear Lake, California','+1-555-101-0101','info@bigbearlake.com','Big Bear Lake - Sleeps 8 - Game Room - BBQ - Entire Home is located in Big Bear Lake.','','https://cf2.bstatic.com/xdata/images/hotel/max1280x900/416972301.jpg?k=9c4fe6df99bddc7002ea24a4cbc9b712e9be714f783d808a1d7b1864b59708b8&o=&hp=1,\nhttps://cf2.bstatic.com/xdata/images/hotel/max1280x900/499184910.jpg?k=fed4631a63d23e2254cf40ea1dce59a4e7b7838186734217290eb29dfd48381b&o=&hp=1,\nhttps://cf2.bstatic.com/xdata/images/hotel/max1280x900/278509802.jpg?k=f20ff12b7e5e9b64ef1f79ac6edd50896c81450e133b6b8fe4399471d2dbd674&o=&hp=1,\nhttps://cf2.bstatic.com/xdata/images/hotel/max1280x900/342587918.jpg?k=bfb167aa5554c4ca42bfac6dabf83fc550a01aed4ef2387504378e791e99c3f2&o=&hp=1,\nhttps://cf2.bstatic.com/xdata/images/hotel/max1280x900/412698326.jpg?k=3135e76ab576e37a9d6d649484e3fb5cf5c820acb0e079f0f3910ffb619eba30&o=&hp=1,\nhttps://cf2.bstatic.com/xdata/images/hotel/max1280x900/278509462.jpg?k=fe689fc1e2e19b9ef42aadab15a76a96cdff5d9bd0d32f8eccfb894c9a317114&o=&hp=1,\nhttps://cf2.bstatic.com/xdata/images/hotel/max1280x900/484740067.jpg?k=52dbb831409e3af841cb90197f954ee973713cd5b61a7d2f24795dc4e7b0434c&o=&hp=1,\nhttps://cf2.bstatic.com/xdata/images/hotel/max1280x900/484740064.jpg?k=fe1236c6b9c604890f95291e1e321bdb5e04c24efa3efc90f5e8e7dbb60596b8&o=&hp=1,\nhttps://cf2.bstatic.com/xdata/images/hotel/max1280x900/393287110.jpg?k=1b151deabc822bbe542b956b9625916058000f9fcc265bb97cd017501253c81f&o=&hp=1,'),(17,'Cozy, top-floor 3BR loft with balcony in West Town',32,120,'USD','Chicago, Illinois','+1-555-202-0202','info@cozyloft.com','Cozy, top-floor 3BR loft with balcony in West Town is located in Chicago, just 2.2 miles from Union Station and 2.4 miles from Shops at Northbridge.','','https://cf2.bstatic.com/xdata/images/hotel/max1280x900/483390424.jpg?k=20d19d0476a4956785b44d7066f4609736f84f948440a055c6d3071895fbb0db&o=&hp=1,\nhttps://cf2.bstatic.com/xdata/images/hotel/max1280x900/342587876.jpg?k=7106187b5a96569a7762c07f3faf6baf5822dca908a1eea40edf576e0e9b2ce3&o=&hp=1,\nhttps://cf2.bstatic.com/xdata/images/hotel/max1024x768/393287110.jpg?k=1b151deabc822bbe542b956b9625916058000f9fcc265bb97cd017501253c81f&o=&hp=1,\nhttps://cf2.bstatic.com/xdata/images/hotel/max1024x768/444515408.jpg?k=c211f37e8dd33e0ea2dabb8ae6797523999e0641c532975da36c4f291b31b1a7&o=&hp=1,\nhttps://cf2.bstatic.com/xdata/images/hotel/max1280x900/416972301.jpg?k=9c4fe6df99bddc7002ea24a4cbc9b712e9be714f783d808a1d7b1864b59708b8&o=&hp=1,\nhttps://cf2.bstatic.com/xdata/images/hotel/max1280x900/481501535.jpg?k=eac246ec8a8e493b6baceefa654099ff45428f25e43efd081b44316be714fefc&o=&hp=1,\nhttps://img.freepik.com/free-photo/white-comfortable-pillow-blanket-bed-with-light-lamp_74190-12074.jpg?size=626&ext=jpg,'),(18,'ComfortZone',35,80,'USD','San Antonio, Texas','+1-555-303-0303','info@comfortzone.com','8.6 miles from The Shops at La Cantera in San Antonio, ComfortZone provides accommodations with access to a fitness center.','','https://cf2.bstatic.com/xdata/images/hotel/max1024x768/353091158.jpg?k=bd32953c859ee37cbe01b679045efe7189c8099866890128a52532a53e0bfff9&o=&hp=1,\nhttps://cf2.bstatic.com/xdata/images/hotel/max1280x900/412698334.jpg?k=a1b1f1b92daf58019dd5b860397d8a3d9fc1bfc96bb4ec1b20a563fc4c963aff&o=&hp=1,\nhttps://cf2.bstatic.com/xdata/images/hotel/max1280x900/264085641.jpg?k=1a9fa5299f146d18ae32a81bdb0e3bc9b283a25753838791d1dc843753bd5ac4&o=&hp=1,\nhttps://cf2.bstatic.com/xdata/images/hotel/max1280x900/242993575.jpg?k=5b3a0be8e68ada4444876db8a1a1e753c9a534094f5d8f399ac973c1ed1eaeaf&o=&hp=1,\nhttps://cf2.bstatic.com/xdata/images/hotel/max1280x900/342587915.jpg?k=743bdc0d27992e4a3537a48ac37b73ecf38f77a8f8c40dc1051a4fe35fc19ac9&o=&hp=1,\nhttps://img.freepik.com/free-photo/pillow-bed_1203-9518.jpg?size=626&ext=jpg,\nhttps://cf2.bstatic.com/xdata/images/hotel/max1024x768/242878833.jpg?k=8c79b905d10dc64630c25fbb7e53831164b441fc3f16cf85476572ba164f3f3c&o=&hp=1,'),(19,'The Little Red Cottage',38,70,'USD','Eagleville, Tennessee','+1-555-404-0404','info@littleredcottage.com','The Little Red Cottage is situated in Eagleville.','','https://cf2.bstatic.com/xdata/images/hotel/max1280x900/278509468.jpg?k=03e5599a4ff07137bbe72c31eb7a35adf6a917bc9705ff5f1390303aed7b761c&o=&hp=1,\nhttps://cf2.bstatic.com/xdata/images/hotel/max1024x768/242759483.jpg?k=0c5969c6f4cd8d468cda2a56a90b8e32dc39e39db754ba62dc912bb98b288b95&o=&hp=1,\nhttps://img.freepik.com/free-photo/pillow-bed_74190-2140.jpg?size=626&ext=jpg,\nhttps://img.freepik.com/free-photo/luxury-bedroom-hotel_1150-10836.jpg?size=626&ext=jpg,\nhttps://cf2.bstatic.com/xdata/images/hotel/max1024x768/242993585.jpg?k=a05b3bab8e17e91df82d3fd5f825b3f724c6d5da5d7dbec4c554ef92ced5f0a8&o=&hp=1,\nhttps://cf2.bstatic.com/xdata/images/hotel/max1280x900/255863514.jpg?k=46665dbc69332ebd004637098f1ceeee060d924a76923101cc518fab47080103&o=&hp=1,\nhttps://img.freepik.com/free-photo/modern-studio-apartment-design-with-bedroom-living-space_1262-12375.jpg?size=626&ext=jpg,'),(20,'Islander Beach Resort',41,140,'USD','New Smyrna Beach, Florida','+1-555-505-0505','info@islanderbeachresort.com','Islander Beach Resort is a 4-star property located in New Smyrna Beach.','','https://cf2.bstatic.com/xdata/images/hotel/max1024x768/353091158.jpg?k=bd32953c859ee37cbe01b679045efe7189c8099866890128a52532a53e0bfff9&o=&hp=1,\nhttps://cf2.bstatic.com/xdata/images/hotel/max1024x768/278509468.jpg?k=03e5599a4ff07137bbe72c31eb7a35adf6a917bc9705ff5f1390303aed7b761c&o=&hp=1,\nhttps://cf2.bstatic.com/xdata/images/hotel/max1280x900/342587876.jpg?k=7106187b5a96569a7762c07f3faf6baf5822dca908a1eea40edf576e0e9b2ce3&o=&hp=1,\nhttps://cf2.bstatic.com/images/hotel/max1280x900/417/417845113.jpg,\nhttps://cf2.bstatic.com/xdata/images/hotel/max1280x900/484742732.jpg?k=79b15083c243496d8be6eeef73bb1767d41ef5abfdcf0ba5974f5cae491af5c1&o=&hp=1,\nhttps://img.freepik.com/free-photo/modern-studio-apartment-design-with-bedroom-living-space_1262-12375.jpg?size=626&ext=jpg,\nhttps://cf2.bstatic.com/xdata/images/hotel/max1280x900/242756012.jpg?k=5d8d886c1242d477b8477a22c7b87491bbc3bf101c4edfc6915862904c3932db&o=&hp=1,'),(21,'NYC apartment',44,110,'USD','West New York, New Jersey','+1-555-606-0606','info@charmingapartment.com','Guests staying at this apartment have access to a fully equipped kitchen. The spacious apartment includes 2 bedrooms and a living room with a flat-screen TV. The property offers garden views.','','https://cf2.bstatic.com/xdata/images/hotel/max1024x768/242756012.jpg?k=5d8d886c1242d477b8477a22c7b87491bbc3bf101c4edfc6915862904c3932db&o=&hp=1,\nhttps://cf2.bstatic.com/xdata/images/hotel/max1024x768/80171693.jpg?k=7cbf1feea47cdaa50d532918e632dd9da173e3fc83cda66fdb6f13dd6895266b&o=&hp=1,\nhttps://cf2.bstatic.com/xdata/images/hotel/max1280x900/242993585.jpg?k=a05b3bab8e17e91df82d3fd5f825b3f724c6d5da5d7dbec4c554ef92ced5f0a8&o=&hp=1,\nhttps://cf2.bstatic.com/xdata/images/hotel/max1280x900/278509468.jpg?k=03e5599a4ff07137bbe72c31eb7a35adf6a917bc9705ff5f1390303aed7b761c&o=&hp=1,\nhttps://img.freepik.com/free-photo/modern-studio-apartment-design-with-bedroom-living-space_1262-12375.jpg?size=626&ext=jpg,\nhttps://cf2.bstatic.com/images/hotel/max1280x900/416/416972297.jpg,\nhttps://cf2.bstatic.com/xdata/images/hotel/max1024x768/353091166.jpg?k=b399e7e50aa100a50b743239a16274cbdabc408f2c9c2ac689775497ce00e470&o=&hp=1,'),(22,'Naples Bliss RV Stay',47,80,'USD','4437 18th Avenue Southwest, Naples, FL 34116, United States of America','+1-555-707-0707','info@naplesblissrv.com','Naples Bliss RV Stay is a cozy accommodation set in the beautiful city of Naples. Enjoy the freedom and comfort of RV living at our location. The site offers free WiFi, and all our rooms are non-smoking.','Free WiFi, Non-smoking Rooms','https://img.freepik.com/premium-photo/interior-space-big-bed-room-luxury-hotel_1112-7131.jpg?size=626&ext=jpg,\nhttps://cf2.bstatic.com/xdata/images/hotel/max1280x900/278509467.jpg?k=ee86ba116b929b3bcff2f17250dbbac39669caa141b0cc5337feb406dc62c236&o=&hp=1,\nhttps://img.freepik.com/free-photo/spacious-room-with-bed_1203-633.jpg?size=626&ext=jpg,\nhttps://img.freepik.com/free-photo/pillow-bed_1203-9518.jpg?size=626&ext=jpg,\nhttps://img.freepik.com/free-photo/bedroom-pillow_74190-294.jpg?size=626&ext=jpg,\nhttps://img.freepik.com/free-photo/luxury-bedroom-interior-with-rich-furniture-scenic-view-from-walkout-deck_1258-111480.jpg?size=626&ext=jpg,\nhttps://img.freepik.com/free-photo/interior-modern-comfortable-hotel-room_1232-1822.jpg?size=626&ext=jpg,'),(23,'Furano Natulux Hotel',8,130,'USD','Asahi 1-35, Furano, Hokkaido 076-0026, Japan','+81-167-23-3800','info@furanonatuluxhotel.com','Featuring a restaurant and hot public baths, the modern Furano Natulux Hotel is only a 1-minute walk from Furano Train Station. Rooms include both free Wi-Fi and wired internet, and a glass-wall bathroom. The property has received the TripAdvisor Certificate of Excellence Hall of Fame 2011-2015 Award.\n\nClean lines and high-contrast colors define the rooms at Hotel Furano Natulux. Each has a satellite flat-screen TV and a tea maker, with a feather duvet for added comfort.\n\nThe women’s bath includes a hot-stone spa (ganban-yoku), while the men’s have a sauna. Aroma treatment massages are available for female guests, and a simple massage can be requested for male guests.\n\nAsahigaoka Park and Torinuma Park are a 15-minute drive from the hotel. The lavender farms are a 15-minute drive away. Furano Ski Resort Kitanomine Zone is a 10-minute bus ride away.\n\nNatural Dining Restaurant offers a daily continental breakfast, as well as Japanese and Western breakfasts.\n\nCouples, in particular, like the location – they rated it 8.5 for a two-person trip.','Free Wi-Fi, Wired Internet, Glass-wall Bathroom, Restaurant, Hot Public Baths','https://cf2.bstatic.com/xdata/images/hotel/max1280x900/484740067.jpg?k=52dbb831409e3af841cb90197f954ee973713cd5b61a7d2f24795dc4e7b0434c&o=&hp=1,\nhttps://ik.imagekit.io/tvlk/apr-asset/dgXfoyh24ryQLRcGq00cIdKHRmotrWLNlvG-TxlcLxGkiDwaUSggleJNPRgIHCX6/hotel/asset/20009795-db238d34ffccb8df75276c87913ab008.jpeg?_src=imagekit&tr=c-at_max,fo-auto,h-370,q-40,w-700,\nhttps://cf2.bstatic.com/xdata/images/hotel/max1024x768/242993575.jpg?k=5b3a0be8e68ada4444876db8a1a1e753c9a534094f5d8f399ac973c1ed1eaeaf&o=&hp=1,\nhttps://cf2.bstatic.com/xdata/images/hotel/max1280x900/455242974.jpg?k=3da945588b626989eda5f18e681a162fae6b8ab1c4df5c6814d619743f40a0fa&o=&hp=1,\nhttps://cf2.bstatic.com/xdata/images/hotel/max1280x900/444515408.jpg?k=c211f37e8dd33e0ea2dabb8ae6797523999e0641c532975da36c4f291b31b1a7&o=&hp=1,\nhttps://cf2.bstatic.com/xdata/images/hotel/max1280x900/278509468.jpg?k=03e5599a4ff07137bbe72c31eb7a35adf6a917bc9705ff5f1390303aed7b761c&o=&hp=1,\nhttps://cf2.bstatic.com/xdata/images/hotel/max1024x768/416973324.jpg?k=1a8873de30dadbb6948f6dffb45ded6d4662660c02ae47ebc18cac1ec95bbec3&o=&hp=1,'),(24,'Kawaguchiko Country Cottage Ban - Glamping Resort',10,150,'USD','Fujikawaguchiko, Japan','+81-555-1234','info@kawaguchikocottage.com','Located a 10-minute drive away from Lake Kawaguchi, Kawaguchiko Country Cottage Ban features a great view of Mt. Fuji and free Wi-Fi throughout the property.','Free Wi-Fi, Mountain View, Glamping Experience','https://cf2.bstatic.com/xdata/images/hotel/max1280x900/412698326.jpg?k=3135e76ab576e37a9d6d649484e3fb5cf5c820acb0e079f0f3910ffb619eba30&o=&hp=1,\nhttps://cf2.bstatic.com/xdata/images/hotel/max1024x768/499184910.jpg?k=fed4631a63d23e2254cf40ea1dce59a4e7b7838186734217290eb29dfd48381b&o=&hp=1,\nhttps://cf2.bstatic.com/xdata/images/xphoto/max500_ao/170451959.jpg?k=763f0b582b5a58396989a694b926fd8518fd5f1f15ef62e98ec292f550b5586c&o=,\nhttps://cf2.bstatic.com/xdata/images/hotel/max1280x900/444515414.jpg?k=441f31a1299ec27caf6caee33942cef9d6d8995498e3274c51575769b3e8ea23&o=&hp=1,\nhttps://cf2.bstatic.com/xdata/images/hotel/max1280x900/278509802.jpg?k=f20ff12b7e5e9b64ef1f79ac6edd50896c81450e133b6b8fe4399471d2dbd674&o=&hp=1,\nhttps://cf2.bstatic.com/xdata/images/hotel/max1024x768/444515408.jpg?k=c211f37e8dd33e0ea2dabb8ae6797523999e0641c532975da36c4f291b31b1a7&o=&hp=1,\nhttps://ik.imagekit.io/tvlk/apr-asset/dgXfoyh24ryQLRcGq00cIdKHRmotrWLNlvG-TxlcLxGkiDwaUSggleJNPRgIHCX6/hotel/asset/10030146-7b73df32d42f8afd54bc6a98fadaaa50.jpeg?_src=imagekit&tr=c-at_max,fo-auto,h-370,q-40,w-700,'),(25,'Premier Hotel - CABIN PRESIDENT - Hakodate',11,120,'USD','Hakodate, Japan','+81-138-5678','info@cabinpresidenthotel.com','Offering modern Western-style rooms with free Wi-Fi, Premier Hotel - CABIN PRESIDENT - Hakodate is a minute\'s walk from JR Hakodate Train Station.','Free Wi-Fi, Modern Rooms, Proximity to Train Station','https://cf2.bstatic.com/xdata/images/hotel/max1024x768/499902197.jpg?k=8e43ea6ad98aa23e46490b827257daffedb3a6e569168f2e9bfc264ec212be22&o=&hp=1,\nhttps://cf2.bstatic.com/xdata/images/hotel/max1280x900/484740067.jpg?k=52dbb831409e3af841cb90197f954ee973713cd5b61a7d2f24795dc4e7b0434c&o=&hp=1,\nhttps://cf2.bstatic.com/xdata/images/hotel/max1024x768/499184910.jpg?k=fed4631a63d23e2254cf40ea1dce59a4e7b7838186734217290eb29dfd48381b&o=&hp=1,\nhttps://cf2.bstatic.com/xdata/images/hotel/max1280x900/412698334.jpg?k=a1b1f1b92daf58019dd5b860397d8a3d9fc1bfc96bb4ec1b20a563fc4c963aff&o=&hp=1,\nhttps://cf2.bstatic.com/xdata/images/hotel/max1024x768/278509806.jpg?k=792092316f998015a680fbfc34e525e05d7d01ffd8a8329b073cb72708c79068&o=&hp=1,\nhttps://cf2.bstatic.com/xdata/images/hotel/max1024x768/235989265.jpg?k=b7d95b51ee6d57cf5dccd2e63f8faa9bbfe6bb9e9396c08e5651105eeb3129d8&o=&hp=1,\nhttps://cf2.bstatic.com/xdata/images/hotel/max1280x900/387364377.jpg?k=a1b13327bacfeb0514ee9b5995ea1b66accb345aa2059f04219e3060f61c35d6&o=&hp=1'),(26,'Southern Beach Hotel & Resort',12,180,'USD','Itoman, Japan','+81-987-9876','info@southernbeachresort.com','Right on the beach next to Itoman Port, Southern Beach Hotel & Resort features 2 pools and an ocean-view buffet restaurant. Rooms have a balcony with ocean views.','Ocean View Balcony, Beachfront, Pools','https://cf2.bstatic.com/xdata/images/hotel/max1280x900/484740067.jpg?k=52dbb831409e3af841cb90197f954ee973713cd5b61a7d2f24795dc4e7b0434c&o=&hp=1,\nhttps://ik.imagekit.io/tvlk/apr-asset/dgXfoyh24ryQLRcGq00cIdKHRmotrWLNlvG-TxlcLxGkiDwaUSggleJNPRgIHCX6/hotel/asset/20009795-db238d34ffccb8df75276c87913ab008.jpeg?_src=imagekit&tr=c-at_max,fo-auto,h-370,q-40,w-700,\nhttps://img.freepik.com/free-photo/3d-rendering-modern-luxury-bedroom-suite-bathroom_105762-1936.jpg?size=626&ext=jpg,\nhttps://cf2.bstatic.com/xdata/images/hotel/max1280x900/242878817.jpg?k=1173b2b7f5158edd21201a23e12ecd758bc14f67714fb5c63fe8a447962ac345&o=&hp=1,\nhttps://cf2.bstatic.com/xdata/images/hotel/max1280x900/242878833.jpg?k=8c79b905d10dc64630c25fbb7e53831164b441fc3f16cf85476572ba164f3f3c&o=&hp=1,\nhttps://cf2.bstatic.com/xdata/images/hotel/max1024x768/484742732.jpg?k=79b15083c243496d8be6eeef73bb1767d41ef5abfdcf0ba5974f5cae491af5c1&o=&hp=1,\nhttps://img.freepik.com/free-photo/modern-studio-apartment-design-with-bedroom-living-space_1262-12375.jpg?size=626&ext=jpg,'),(27,'Aki Grand Hotel & Spa',13,160,'USD','Miyajima, Japan','+81-829-8765','info@akigrandhotel.com','Located along Hiroshima\'s shoreline opposite Miyajima Island, known for World Heritage Site, Itsukushima Shinto Shrine, Aki Grand Hotel offers western and Japanese style rooms, free parking and spa facilities.','Ocean View Rooms, Spa, Free Parking','https://cf2.bstatic.com/xdata/images/hotel/max1280x900/499902197.jpg?k=8e43ea6ad98aa23e46490b827257daffedb3a6e569168f2e9bfc264ec212be22&o=&hp=1,\nhttps://img.freepik.com/free-photo/luxury-bedroom-interior-with-rich-furniture-scenic-view-from-walkout-deck_1258-111480.jpg?size=626&ext=jpg,\nhttps://cf2.bstatic.com/xdata/images/hotel/max1280x900/242993585.jpg?k=a05b3bab8e17e91df82d3fd5f825b3f724c6d5da5d7dbec4c554ef92ced5f0a8&o=&hp=1,\nhttps://cf2.bstatic.com/xdata/images/hotel/max1280x900/417845113.jpg?k=f316233ed0d55c8d771c6ef382892bb9b03ed48761de9bb2a3c48e2eaf9f08db&o=&hp=1,\nhttps://cf2.bstatic.com/xdata/images/hotel/max1024x768/342587915.jpg?k=743bdc0d27992e4a3537a48ac37b73ecf38f77a8f8c40dc1051a4fe35fc19ac9&o=&hp=1,\nhttps://img.freepik.com/premium-photo/interior-space-big-bed-room-luxury-hotel_1112-7131.jpg?size=626&ext=jpg,\nhttps://cf2.bstatic.com/xdata/images/hotel/max1024x768/45510443.jpg?k=25170b445cff1e2ff9d8defe1cd03c2a3883150262eb8b7928ed8c559c1368b7&o=&hp=1,'),(28,'Toyoko Inn Hokkaido Shin Hakodate Hokuto eki Minami guchi',14,80,'USD','Hokuto, Japan','+81-138-5432','info@toyokoinnshinhotel.com','Toyoko Inn Hokkaido Shin Hakodate Hokuto eki Minami guchi is located in Hokuto, 11 miles from Goryokaku Park and 11 miles from Hakodate Goryokaku.','Affordable, Close to Parks','https://cf2.bstatic.com/xdata/images/hotel/max1024x768/80171346.jpg?k=3e231db827f6e0e85f6ba16700f3a79d0e894a3b8f96d01589bd359a3b4b0c95&o=&hp=1,\nhttps://cf2.bstatic.com/xdata/images/hotel/max1280x900/278509802.jpg?k=f20ff12b7e5e9b64ef1f79ac6edd50896c81450e133b6b8fe4399471d2dbd674&o=&hp=1,\nhttps://img.freepik.com/free-photo/spacious-room-with-bed_1203-633.jpg?size=626&ext=jpg,\nhttps://cf2.bstatic.com/xdata/images/hotel/max1024x768/235989267.jpg?k=23348aa2fd25dfea9689c67fe7d7c2bc4ebd754cd4d8d1401de46f8c233ad575&o=&hp=1,\nhttps://cf2.bstatic.com/xdata/images/hotel/max1024x768/455242974.jpg?k=3da945588b626989eda5f18e681a162fae6b8ab1c4df5c6814d619743f40a0fa&o=&hp=1,\nhttps://cf2.bstatic.com/xdata/images/hotel/max1024x768/353091158.jpg?k=bd32953c859ee37cbe01b679045efe7189c8099866890128a52532a53e0bfff9&o=&hp=1,\nhttps://cf2.bstatic.com/xdata/images/hotel/max1024x768/242759483.jpg?k=0c5969c6f4cd8d468cda2a56a90b8e32dc39e39db754ba62dc912bb98b288b95&o=&hp=1,'),(29,'Candeo Hotels Nagasaki Shinchi Chinatown',16,120,'USD','Nagasaki, Japan','+81-958-6543','info@candeohotelnagasaki.com','Candeo Hotels Nagasaki Shinchi Chinatown provides rooms in Nagasaki near Nagasaki Dejima and Minato Park.','Central Location, Near Chinatown','https://img.freepik.com/free-photo/spacious-room-with-bed_1203-633.jpg?size=626&ext=jpg,\nhttps://cf2.bstatic.com/xdata/images/hotel/max1280x900/499902197.jpg?k=8e43ea6ad98aa23e46490b827257daffedb3a6e569168f2e9bfc264ec212be22&o=&hp=1,\nhttps://cf2.bstatic.com/xdata/images/hotel/max1024x768/444515414.jpg?k=441f31a1299ec27caf6caee33942cef9d6d8995498e3274c51575769b3e8ea23&o=&hp=1,\nhttps://cf2.bstatic.com/xdata/images/hotel/max1280x900/235989267.jpg?k=23348aa2fd25dfea9689c67fe7d7c2bc4ebd754cd4d8d1401de46f8c233ad575&o=&hp=1,\nhttps://cf2.bstatic.com/xdata/images/hotel/max1280x900/278509468.jpg?k=03e5599a4ff07137bbe72c31eb7a35adf6a917bc9705ff5f1390303aed7b761c&o=&hp=1,\nhttps://cf2.bstatic.com/xdata/images/hotel/max1024x768/444515414.jpg?k=441f31a1299ec27caf6caee33942cef9d6d8995498e3274c51575769b3e8ea23&o=&hp=1,\nhttps://cf2.bstatic.com/xdata/images/hotel/max1280x900/393287121.jpg?k=532432c511761f2fa6971058f0ceffaf5e330b35301045f365909d29dbf8ae0f&o=&hp=1,'),(30,'Samba Linhares',18,90,'USD','Linhares, Brazil','+55-27-1234-5678','info@sambalinhares.com','Samba Linhares has accommodations in Linhares. The 3-star hotel has air-conditioned rooms with a private bathroom and free WiFi. At the hotel, rooms come with a desk.','Air-Conditioned Rooms, Free WiFi, 3-star Hotel','https://cf2.bstatic.com/xdata/images/hotel/max1280x900/264085635.jpg?k=47cad6d57007b1eb5ea53aa6d466de949f075f3b161506a6e0e34676d948e066&o=&hp=1,\nhttps://cf2.bstatic.com/xdata/images/hotel/max1280x900/342587876.jpg?k=7106187b5a96569a7762c07f3faf6baf5822dca908a1eea40edf576e0e9b2ce3&o=&hp=1,\nhttps://cf2.bstatic.com/xdata/images/hotel/max1280x900/481501535.jpg?k=eac246ec8a8e493b6baceefa654099ff45428f25e43efd081b44316be714fefc&o=&hp=1,\nhttps://cf2.bstatic.com/xdata/images/hotel/max1280x900/242684727.jpg?k=3d39cd89c7fa5f2cb4019a365ab2db450db59e2d943ee8363775e3f54130ef91&o=&hp=1,\nhttps://cf2.bstatic.com/xdata/images/hotel/max1280x900/483390424.jpg?k=20d19d0476a4956785b44d7066f4609736f84f948440a055c6d3071895fbb0db&o=&hp=1,\nhttps://cf2.bstatic.com/xdata/images/hotel/max1024x768/278509802.jpg?k=f20ff12b7e5e9b64ef1f79ac6edd50896c81450e133b6b8fe4399471d2dbd674&o=&hp=1,\nhttps://img.freepik.com/free-photo/small-hotel-bedroom-with-white-walls-panoramic-window_1262-12488.jpg?size=626&ext=jpg,'),(31,'Hotel Bons Tempos',19,120,'USD','Rio Verde, Brazil','+55-64-9876-5432','info@hotelbonstempos.com','Offering a restaurant and a fitness center, Hotel Bons Tempos is a themed hotel, decorated with antique cars. Located in the city center of Rio Verde, the property features free WiFi access...','Themed Hotel, Free WiFi, Restaurant, Fitness Center','https://cf2.bstatic.com/xdata/images/hotel/max1280x900/278509462.jpg?k=fe689fc1e2e19b9ef42aadab15a76a96cdff5d9bd0d32f8eccfb894c9a317114&o=&hp=1,\nhttps://freepik.cdnpk.net/img/autopromo/wepik/right.png,\nhttps://img.freepik.com/free-photo/luxury-bedroom-suite-resort-high-rise-hotel-with-working-table_105762-1783.jpg?size=626&ext=jpg,\nhttps://cf2.bstatic.com/xdata/images/hotel/max1024x768/444515402.jpg?k=7215e46418c22b25f97d3c94d618631f43d3b4c36eeffb7e493ed71fa375fb66&o=&hp=1,\nhttps://cf2.bstatic.com/xdata/images/hotel/max1280x900/342587876.jpg?k=7106187b5a96569a7762c07f3faf6baf5822dca908a1eea40edf576e0e9b2ce3&o=&hp=1,\nhttps://cf2.bstatic.com/xdata/images/hotel/max1024x768/444515408.jpg?k=c211f37e8dd33e0ea2dabb8ae6797523999e0641c532975da36c4f291b31b1a7&o=&hp=1,\nhttps://img.freepik.com/free-photo/luxury-classic-modern-bedroom-suite-hotel_105762-1787.jpg?size=626&ext=jpg,'),(32,'Transamerica Comandatuba - All Inclusive Resort',20,280,'USD','Ilha de Comandatuba, Brazil','+55-73-8765-4321','info@transamericacomandatuba.com','Located on the island of Comandatuba, in the municipality of UNA, south coast of BA, with 13 mi of beach and a paradisiacal setting with preserved fauna and flora, Transamérica Comandatuba is the...','All-Inclusive Resort, Beachfront, Tropical Paradise','https://cf2.bstatic.com/xdata/images/hotel/max1024x768/412698326.jpg?k=3135e76ab576e37a9d6d649484e3fb5cf5c820acb0e079f0f3910ffb619eba30&o=&hp=1,\nhttps://cf2.bstatic.com/xdata/images/hotel/max1024x768/278509806.jpg?k=792092316f998015a680fbfc34e525e05d7d01ffd8a8329b073cb72708c79068&o=&hp=1,\nhttps://cf2.bstatic.com/xdata/images/hotel/max1280x900/412698326.jpg?k=3135e76ab576e37a9d6d649484e3fb5cf5c820acb0e079f0f3910ffb619eba30&o=&hp=1,\nhttps://cf2.bstatic.com/xdata/images/hotel/max1024x768/353091158.jpg?k=bd32953c859ee37cbe01b679045efe7189c8099866890128a52532a53e0bfff9&o=&hp=1,\nhttps://img.freepik.com/free-photo/comfortable-decor-luxury-furniture-light_1203-4995.jpg?size=626&ext=jpg,\nhttps://cf2.bstatic.com/xdata/images/hotel/max1280x900/242993575.jpg?k=5b3a0be8e68ada4444876db8a1a1e753c9a534094f5d8f399ac973c1ed1eaeaf&o=&hp=1,\nhttps://cf2.bstatic.com/xdata/images/hotel/max1280x900/242684715.jpg?k=6f680f21823f3849bed4e7e018e94b5f9ec00b8141c12eb89e5fc9f499fa74dd&o=&hp=1,'),(33,'Pousada Canto da Lua',21,110,'USD','Nova Lima, Brazil','+55-31-7654-3210','info@canto-da-lua.com','Located in Nova Lima, 18 miles from Belo Horizonte Bus Station, Pousada Canto da Lua has accommodations with an outdoor swimming pool, free private parking, a garden and a terrace.','Outdoor Pool, Free Parking, Garden, Terrace','https://cf2.bstatic.com/xdata/images/hotel/max1024x768/235989275.jpg?k=a60bf918a2ada1e2c5ee5ed659c206f63e46ce8091a97d73625e538a4f6bc8be&o=&hp=1,\nhttps://img.freepik.com/free-photo/modern-studio-apartment-design-with-bedroom-living-space_1262-12375.jpg?size=626&ext=jpg,\nhttps://cf2.bstatic.com/xdata/images/hotel/max1024x768/242684710.jpg?k=c4811b7a73b30c421384ffc7a0ff47ae78dce1c9ce5f2c4c1306b5542d763bfc&o=&hp=1,\nhttps://cf2.bstatic.com/xdata/images/hotel/max1280x900/342587876.jpg?k=7106187b5a96569a7762c07f3faf6baf5822dca908a1eea40edf576e0e9b2ce3&o=&hp=1,\nhttps://cf2.bstatic.com/xdata/images/hotel/max1024x768/242993575.jpg?k=5b3a0be8e68ada4444876db8a1a1e753c9a534094f5d8f399ac973c1ed1eaeaf&o=&hp=1,\nhttps://cf2.bstatic.com/xdata/images/hotel/max1280x900/242993585.jpg?k=a05b3bab8e17e91df82d3fd5f825b3f724c6d5da5d7dbec4c554ef92ced5f0a8&o=&hp=1,\nhttps://img.freepik.com/premium-photo/interior-space-big-bed-room-luxury-hotel_1112-7131.jpg?size=626&ext=jpg,'),(34,'Vila Galé Resort Touros - All Inclusive',23,220,'USD','Touros, Brazil','+55-84-7654-3210','info@vilagale_touros.com','Located in Touros, 7.2 miles from Heel Lighthouse, Vila Galé Resort Touros - All Inclusive has accommodations with a fitness center, free private parking, a garden and a shared lounge.','All-Inclusive Resort, Beachfront, Fitness Center','https://ik.imagekit.io/tvlk/apr-asset/dgXfoyh24ryQLRcGq00cIdKHRmotrWLNlvG-TxlcLxGkiDwaUSggleJNPRgIHCX6/hotel/asset/10030146-7b73df32d42f8afd54bc6a98fadaaa50.jpeg?_src=imagekit&tr=c-at_max,fo-auto,h-370,q-40,w-700,\nhttps://img.freepik.com/free-photo/modern-studio-apartment-design-with-bedroom-living-space_1262-12375.jpg?size=626&ext=jpg,\nhttps://img.freepik.com/free-photo/hotel-room-luxury-resort_53876-138105.jpg?size=626&ext=jpg,\nhttps://cf2.bstatic.com/xdata/images/hotel/max1024x768/242993575.jpg?k=5b3a0be8e68ada4444876db8a1a1e753c9a534094f5d8f399ac973c1ed1eaeaf&o=&hp=1,\nhttps://cf2.bstatic.com/xdata/images/hotel/max1024x768/481995469.jpg?k=65718afb23cbd0a519ebf555cc4b40c59020f4ce6095a5484ecc4ffaf3a264f3&o=&hp=1,\nhttps://cf2.bstatic.com/xdata/images/hotel/max1024x768/278509802.jpg?k=f20ff12b7e5e9b64ef1f79ac6edd50896c81450e133b6b8fe4399471d2dbd674&o=&hp=1,\nhttps://cf2.bstatic.com/xdata/images/hotel/max1024x768/387364377.jpg?k=a1b13327bacfeb0514ee9b5995ea1b66accb345aa2059f04219e3060f61c35d6&o=&hp=1,'),(35,'Samba Tres Rios',24,150,'USD','Três Rios, Brazil','+55-24-9876-5432','info@sambatresrios.com','Samba Tres Rios is located in Três Rios, 28 miles from Barao de Itaipava Castle. This 4-star hotel offers a 24-hour front desk.','4-star Hotel, 24-hour Front Desk','https://cf2.bstatic.com/xdata/images/hotel/max1024x768/342587915.jpg?k=743bdc0d27992e4a3537a48ac37b73ecf38f77a8f8c40dc1051a4fe35fc19ac9&o=&hp=1,\nhttps://cf2.bstatic.com/xdata/images/hotel/max1024x768/484742732.jpg?k=79b15083c243496d8be6eeef73bb1767d41ef5abfdcf0ba5974f5cae491af5c1&o=&hp=1,\nhttps://img.freepik.com/free-photo/hotel-room-luxury-resort_53876-138105.jpg?size=626&ext=jpg,\nhttps://img.freepik.com/premium-photo/happiness-asian-traveler-woman-standing-with-baggage-bedroom-hotel-hostel_41418-3899.jpg?size=626&ext=jpg,\nhttps://cf2.bstatic.com/xdata/images/hotel/max1024x768/468948519.jpg?k=a27a284cd3bcc8316aca23c78ad21f4fa3fcca0d0a1c580054156dc8ceaa63c7&o=&hp=1,\nhttps://img.freepik.com/free-photo/luxury-bedroom-hotel_1150-10836.jpg?size=626&ext=jpg,\nhttps://cf2.bstatic.com/xdata/images/hotel/max1024x768/499902197.jpg?k=8e43ea6ad98aa23e46490b827257daffedb3a6e569168f2e9bfc264ec212be22&o=&hp=1,'),(36,'Pousada e Restaurante Dona Siroba',25,95,'USD','Morretes, Brazil','+55-41-8765-4321','info@donasiroba.com','Pousada e Restaurante Dona Siroba in Morretes provides accommodations with a garden, a bar, and barbecue facilities. Private parking is available on site at this recently renovated property.','Garden, Bar, Barbecue Facilities','https://cf2.bstatic.com/xdata/images/hotel/max1280x900/484740064.jpg?k=fe1236c6b9c604890f95291e1e321bdb5e04c24efa3efc90f5e8e7dbb60596b8&o=&hp=1,\nhttps://cf2.bstatic.com/xdata/images/hotel/max1024x768/242822827.jpg?k=51cc90a30fdc859c8d7609524ce643080e42cfdc7fe7e2949f596d071063b219&o=&hp=1,\nhttps://cf2.bstatic.com/xdata/images/hotel/max1024x768/342587918.jpg?k=bfb167aa5554c4ca42bfac6dabf83fc550a01aed4ef2387504378e791e99c3f2&o=&hp=1,\nhttps://cf2.bstatic.com/xdata/images/hotel/max1024x768/455242974.jpg?k=3da945588b626989eda5f18e681a162fae6b8ab1c4df5c6814d619743f40a0fa&o=&hp=1,\nhttps://ik.imagekit.io/tvlk/apr-asset/dgXfoyh24ryQLRcGq00cIdKHRmotrWLNlvG-TxlcLxGkiDwaUSggleJNPRgIHCX6/hotel/asset/10030146-7b73df32d42f8afd54bc6a98fadaaa50.jpeg?_src=imagekit&tr=c-at_max,fo-auto,h-370,q-40,w-700,\nhttps://img.freepik.com/free-photo/relax-bedroom_1150-17980.jpg?size=626&ext=jpg,\nhttps://img.freepik.com/free-photo/pillow-bed_74190-2140.jpg?size=626&ext=jpg,'),(37,'Shesha KUTEERA',26,50,'USD','Subrahmanya, India','+91-98765-43210','info@sheshakuteera.com','Located a 11-minute walk from Kukke Subramanya Temple, Shesha KUTEERA has accommodations with a terrace, a restaurant and a 24-hour front desk for your convenience.','Terrace, Restaurant, 24-hour Front Desk','https://cf2.bstatic.com/xdata/images/hotel/max1280x900/242878833.jpg?k=8c79b905d10dc64630c25fbb7e53831164b441fc3f16cf85476572ba164f3f3c&o=&hp=1,\nhttps://cf2.bstatic.com/xdata/images/hotel/max1024x768/387364377.jpg?k=a1b13327bacfeb0514ee9b5995ea1b66accb345aa2059f04219e3060f61c35d6&o=&hp=1,\nhttps://cf2.bstatic.com/images/hotel/max1280x900/417/417845113.jpg,\nhttps://cf2.bstatic.com/xdata/images/hotel/max1024x768/468948519.jpg?k=a27a284cd3bcc8316aca23c78ad21f4fa3fcca0d0a1c580054156dc8ceaa63c7&o=&hp=1,\nhttps://cf2.bstatic.com/xdata/images/hotel/max1024x768/278509462.jpg?k=fe689fc1e2e19b9ef42aadab15a76a96cdff5d9bd0d32f8eccfb894c9a317114&o=&hp=1,\nhttps://img.freepik.com/free-photo/3d-rendering-beautiful-luxury-bedroom-suite-hotel-with-tv-working-table_105762-2022.jpg?size=626&ext=jpg,\nhttps://cf2.bstatic.com/xdata/images/hotel/max1024x768/444515408.jpg?k=c211f37e8dd33e0ea2dabb8ae6797523999e0641c532975da36c4f291b31b1a7&o=&hp=1,'),(38,'Hotel Asrani International',27,80,'USD','Secunderabad, India','+91-98765-43211','info@hotelasraniinternational.com','Located in Secunderabad, 2.5 miles from Snow World, Hotel Asrani International has accommodations with a terrace, free private parking and a restaurant.','Terrace, Free Parking, Restaurant','https://cf2.bstatic.com/xdata/images/hotel/max1280x900/416972301.jpg?k=9c4fe6df99bddc7002ea24a4cbc9b712e9be714f783d808a1d7b1864b59708b8&o=&hp=1,\nhttps://cf2.bstatic.com/xdata/images/hotel/max1280x900/481501535.jpg?k=eac246ec8a8e493b6baceefa654099ff45428f25e43efd081b44316be714fefc&o=&hp=1,\nhttps://cf2.bstatic.com/xdata/images/hotel/max1280x900/45510443.jpg?k=25170b445cff1e2ff9d8defe1cd03c2a3883150262eb8b7928ed8c559c1368b7&o=&hp=1,\nhttps://cf2.bstatic.com/xdata/images/hotel/max1280x900/481501535.jpg?k=eac246ec8a8e493b6baceefa654099ff45428f25e43efd081b44316be714fefc&o=&hp=1,\nhttps://cf2.bstatic.com/xdata/images/hotel/max1024x768/444515414.jpg?k=441f31a1299ec27caf6caee33942cef9d6d8995498e3274c51575769b3e8ea23&o=&hp=1,\nhttps://cf2.bstatic.com/xdata/images/hotel/max1024x768/481995469.jpg?k=65718afb23cbd0a519ebf555cc4b40c59020f4ce6095a5484ecc4ffaf3a264f3&o=&hp=1,\nhttps://cf2.bstatic.com/xdata/images/xphoto/max500_ao/170451959.jpg?k=763f0b582b5a58396989a694b926fd8518fd5f1f15ef62e98ec292f550b5586c&o=,'),(39,'Dilkash group of houseboats',28,120,'USD','Dal Lake, Srinagar, India','+91-98765-43212','info@dilkashhouseboats.com','Located 3.7 miles from Shankaracharya Mandir, Dilkash group of houseboats offers 4-star accommodations in Srinagar and features a garden, a shared lounge and a terrace.','4-star Houseboats, Garden, Shared Lounge','https://cf2.bstatic.com/xdata/images/hotel/max1024x768/393287110.jpg?k=1b151deabc822bbe542b956b9625916058000f9fcc265bb97cd017501253c81f&o=&hp=1,\nhttps://img.freepik.com/free-photo/hotel-room-luxury-resort_53876-138105.jpg?size=626&ext=jpg,\nhttps://img.freepik.com/free-photo/tidy-hotel-room-with-brown-curtains_1203-1493.jpg?size=626&ext=jpg,\nhttps://cf2.bstatic.com/xdata/images/hotel/max1280x900/80412708.jpg?k=4ffefc29907bbc0255ba196a080206dcc2d29632eb4f94ff318ffada1955d036&o=&hp=1,\nhttps://cf2.bstatic.com/images/hotel/max1280x900/444/444515414.jpg,\nhttps://img.freepik.com/free-photo/small-hotel-bedroom-with-white-walls-panoramic-window_1262-12488.jpg?size=626&ext=jpg,\nhttps://cf2.bstatic.com/xdata/images/hotel/max1024x768/393287110.jpg?k=1b151deabc822bbe542b956b9625916058000f9fcc265bb97cd017501253c81f&o=&hp=1,'),(40,'Dynasty Desert Camp',29,75,'USD','Sām, India','+91-98765-43213','info@dynastydesertcamp.com','Dynasty Desert Camp is a sustainable campground in Sām where guests can make the most of its garden and bar. This 4-star campground offers a 24-hour front desk and a shared kitchen.','Campground, Garden, Bar, 24-hour Front Desk, Shared Kitchen','https://cf2.bstatic.com/xdata/images/hotel/max1280x900/353091166.jpg?k=b399e7e50aa100a50b743239a16274cbdabc408f2c9c2ac689775497ce00e470&o=&hp=1,\nhttps://cf2.bstatic.com/xdata/images/hotel/max1024x768/412698326.jpg?k=3135e76ab576e37a9d6d649484e3fb5cf5c820acb0e079f0f3910ffb619eba30&o=&hp=1,\nhttps://cf2.bstatic.com/xdata/images/hotel/max1280x900/278509467.jpg?k=ee86ba116b929b3bcff2f17250dbbac39669caa141b0cc5337feb406dc62c236&o=&hp=1,\nhttps://img.freepik.com/premium-photo/happiness-asian-traveler-woman-standing-with-baggage-bedroom-hotel-hostel_41418-3899.jpg?size=626&ext=jpg,\nhttps://cf2.bstatic.com/xdata/images/hotel/max1280x900/278509802.jpg?k=f20ff12b7e5e9b64ef1f79ac6edd50896c81450e133b6b8fe4399471d2dbd674&o=&hp=1,\nhttps://cf2.bstatic.com/xdata/images/hotel/max1024x768/444515402.jpg?k=7215e46418c22b25f97d3c94d618631f43d3b4c36eeffb7e493ed71fa375fb66&o=&hp=1,\nhttps://cf2.bstatic.com/xdata/images/hotel/max1280x900/444515414.jpg?k=441f31a1299ec27caf6caee33942cef9d6d8995498e3274c51575769b3e8ea23&o=&hp=1,'),(41,'Zulu Land cottages',30,90,'USD','Anjuna Beach, Anjuna, India','+91-98765-43214','info@zululandcottages.com','Located in Anjuna, a few steps from Anjuna Beach, Zulu Land cottages - near Curlies beach shack and shiva valley - Anjuna beach provides accommodations with a fitness center, free private parking...','Fitness Center, Free Parking','https://img.freepik.com/premium-photo/picture-bedroom-hotel-with-yellow-neon-light_177530-1222.jpg?size=626&ext=jpg,\nhttps://cf2.bstatic.com/xdata/images/hotel/max1024x768/416972301.jpg?k=9c4fe6df99bddc7002ea24a4cbc9b712e9be714f783d808a1d7b1864b59708b8&o=&hp=1,\nhttps://img.freepik.com/free-photo/luxury-bedroom-design_1388-230.jpg?size=626&ext=jpg,\nhttps://cf2.bstatic.com/xdata/images/hotel/max1280x900/278509802.jpg?k=f20ff12b7e5e9b64ef1f79ac6edd50896c81450e133b6b8fe4399471d2dbd674&o=&hp=1,\nhttps://cf2.bstatic.com/xdata/images/hotel/max1280x900/353091158.jpg?k=bd32953c859ee37cbe01b679045efe7189c8099866890128a52532a53e0bfff9&o=&hp=1,\nhttps://cf2.bstatic.com/xdata/images/hotel/max1024x768/242756012.jpg?k=5d8d886c1242d477b8477a22c7b87491bbc3bf101c4edfc6915862904c3932db&o=&hp=1,\nhttps://img.freepik.com/free-photo/interior-modern-comfortable-hotel-room_1232-1822.jpg?size=626&ext=jpg,'),(42,'Candolim Serenity Resort - Top Rated & Most Awarded Property in Goa',31,120,'USD','Old Goa, India','+91-98765-43215','info@candolimserenityresort.com','Located in Old Goa, a 15-minute walk from Candolim Beach, Candolim Serenity Resort - Top Rated & Most Awarded Property in Goa provides accommodations with a garden, free private parking, a terrace...','Garden, Free Parking, Terrace','https://cf2.bstatic.com/xdata/images/hotel/max1024x768/235989275.jpg?k=a60bf918a2ada1e2c5ee5ed659c206f63e46ce8091a97d73625e538a4f6bc8be&o=&hp=1,\nhttps://cf2.bstatic.com/xdata/images/hotel/max1024x768/444515402.jpg?k=7215e46418c22b25f97d3c94d618631f43d3b4c36eeffb7e493ed71fa375fb66&o=&hp=1,\nhttps://cf2.bstatic.com/xdata/images/hotel/max1024x768/481501535.jpg?k=eac246ec8a8e493b6baceefa654099ff45428f25e43efd081b44316be714fefc&o=&hp=1,\nhttps://img.freepik.com/premium-photo/picture-bedroom-hotel-with-yellow-neon-light_177530-1222.jpg?size=626&ext=jpg,\nhttps://cf2.bstatic.com/xdata/images/hotel/max1024x768/278509468.jpg?k=03e5599a4ff07137bbe72c31eb7a35adf6a917bc9705ff5f1390303aed7b761c&o=&hp=1,\nhttps://cf2.bstatic.com/xdata/images/hotel/max1280x900/242684715.jpg?k=6f680f21823f3849bed4e7e018e94b5f9ec00b8141c12eb89e5fc9f499fa74dd&o=&hp=1,\nhttps://img.freepik.com/free-photo/spacious-room-with-bed_1203-633.jpg?size=626&ext=jpg,');
/*!40000 ALTER TABLE `accommodation` ENABLE KEYS */;
UNLOCK TABLES;

--
-- Table structure for table `activity`
--

DROP TABLE IF EXISTS `activity`;
/*!40101 SET @saved_cs_client     = @@character_set_client */;
/*!50503 SET character_set_client = utf8mb4 */;
CREATE TABLE `activity` (
  `id` int NOT NULL AUTO_INCREMENT,
  `name` varchar(255) NOT NULL,
  `destId` int NOT NULL,
  `type` varchar(255) NOT NULL,
  `description` text,
  `additionInfo` varchar(255) NOT NULL,
  `demoImage` text,
  PRIMARY KEY (`id`),
  KEY `destId` (`destId`)
  
) ENGINE=InnoDB AUTO_INCREMENT=14 DEFAULT CHARSET=utf8mb4 COLLATE=utf8mb4_0900_ai_ci;
/*!40101 SET character_set_client = @saved_cs_client */;

--
-- Dumping data for table `activity`
--

LOCK TABLES `activity` WRITE;
/*!40000 ALTER TABLE `activity` DISABLE KEYS */;
INSERT INTO `activity` VALUES (1,'From Reykjavík: Waterfalls, Black Beach & Glacier Day Trip',1,'Nature','Discover the rugged beauty of Iceland on this day of adventure departing from Reykjavík. Visit the amazing waterfalls, enjoy an optional glacier hike, and walk on the Black Beach of Reynisfjara.','Free cancellation, Reserve now & pay later, Duration 12 hours, Live tour guide, Pickup included','https://cdn.getyourguide.com/img/tour/1dbc801f67690694.jpeg/145.jpg,\nhttps://cdn.getyourguide.com/img/tour/151e8f2e9f9f69c8.jpeg/145.jpg,\nhttps://cdn.getyourguide.com/img/tour/d2fca6ede666c121.jpeg/145.jpg,\nhttps://cdn.getyourguide.com/img/tour/20536d52d0d3b834.jpeg/145.jpg,\nhttps://cdn.getyourguide.com/img/tour/abcdd22d172dd4db.jpeg/145.jpg,\nhttps://cdn.getyourguide.com/img/tour/a0ceae2976a1a74a.jpeg/145.jpg,\nhttps://cdn.getyourguide.com/img/tour/352d9f543d05c5ce.jpeg/145.jpg,\nhttps://cdn.getyourguide.com/img/tour/db02608c417162cb.jpeg/145.jpg,\nhttps://cdn.getyourguide.com/img/tour/8db083e43a926858.jpeg/145.jpg,\nhttps://cdn.getyourguide.com/img/tour/454f3bf156cfdd92.jpeg/145.jpg,\nhttps://cdn.getyourguide.com/img/tour/afe7e5b328ffff40.jpeg/145.jpg,\nhttps://cdn.getyourguide.com/img/tour/dfb71d2f932f57de.jpeg/145.jpg,\nhttps://cdn.getyourguide.com/img/tour/9333a52ba3af0617.jpeg/145.jpg,\nhttps://cdn.getyourguide.com/img/tour/d599b38a197c8288.jpeg/145.jpg,\nhttps://cdn.getyourguide.com/img/tour/081712f80dd92fdc.jpeg/145.jpg,'),(2,'Tenerife: Mount Teide Sunset and Night Tour with Pickup',1,'Nature','Enjoy a magical sunset and stargazing experience at Mount Teide National Park with pickup, guide, and telescopes included.','Free cancellation, Reserve now & pay later, Duration 6.5 hours, Live tour guide (Spanish, English, French), Pickup included.','https://cdn.getyourguide.com/img/tour/6360ded863c03.jpeg/145.jpg,\nhttps://cdn.getyourguide.com/img/tour/ddf243a7da95707b.jpeg/145.jpg,\nhttps://cdn.getyourguide.com/img/tour/0d6fcf836493c5ae.jpeg/145.jpg,\nhttps://cdn.getyourguide.com/img/tour/213260673f0b4c91.jpeg/145.jpg,\nhttps://cdn.getyourguide.com/img/tour/6360deeb50794.jpeg/145.jpg,\nhttps://cdn.getyourguide.com/img/tour/26d191bf876e90ce.jpeg/145.jpg,\nhttps://cdn.getyourguide.com/img/tour/b6938a0bd3f3b9de.jpeg/145.jpg,\nhttps://cdn.getyourguide.com/img/tour/62750e75f82d3ccb.jpeg/145.jpg,\nhttps://cdn.getyourguide.com/img/tour/58f1067a3857a.jpeg/159.jpg,\nhttps://cdn.getyourguide.com/img/tour/64a59bb830a4c.jpeg/159.jpg,\nhttps://cdn.getyourguide.com/img/tour/74739c71ff74d8df.jpeg/159.jpg,\nhttps://cdn.getyourguide.com/img/tour/54dc9cd02f7b6.jpeg/159.jpg,'),(3,'Marco Island: 2-Hour Dolphin, Birding, and Shelling Tour',2,'Nature','The Marco Island Dolphin and Wildlife Tour is a wonderful adventure for the whole family as well as providing an introduction to the area. Travel in comfort to the islands for an interpretive tour in the company of a certified Master Naturalist guide.','Free cancellation, Reserve now & pay later, Duration 2 hours, Live tour guide (English)','https://cdn.getyourguide.com/img/tour/71af3e19a0fbf0aa.jpeg/145.jpg,\nhttps://cdn.getyourguide.com/img/tour/e59ff7b8c2c530f5.jpeg/145.jpg,\nhttps://cdn.getyourguide.com/img/tour/f87c63512bf19e36.jpeg/145.jpg,\nhttps://cdn.getyourguide.com/img/tour/956bba2c6a703f81.jpeg/145.jpg,\nhttps://cdn.getyourguide.com/img/tour/c33b78bb9fb7cda6.jpeg/145.jpg,\nhttps://cdn.getyourguide.com/img/tour/b534a29d009d5c8d.jpeg/145.jpg,\nhttps://cdn.getyourguide.com/img/tour/9e98e4a5360c8a7d.jpeg/145.jpg,\nhttps://cdn.getyourguide.com/img/tour/8b5b88c7444d352a.jpeg/159.jpg,\nhttps://cdn.getyourguide.com/img/tour/63751e99b0366.jpeg/159.jpg,\nhttps://cdn.getyourguide.com/img/tour/5e70df0524805.jpeg/159.jpg,\nhttps://cdn.getyourguide.com/img/tour/63766822df857.jpeg/159.jpg,'),(4,'From Florence: Cooking Class & Lunch at Tuscan Farmhouse',3,'Food','Learn how to create delicious Tuscan dishes with a tour of the food market in Florence. Meet butchers, bakers, and farmers and choose the best ingredients for your cooking class in a rural farmhouse.','Free cancellation, Reserve now & pay later, Duration 6 hours, Live tour guide (English)','https://cdn.getyourguide.com/img/tour/b508762d91e9a58b.jpeg/145.jpg,\nhttps://cdn.getyourguide.com/img/tour/fc6d33a2dcee0493.jpeg/145.jpg,\nhttps://cdn.getyourguide.com/img/tour/b02e4592eabc0fd3.jpeg/145.jpg,\nhttps://cdn.getyourguide.com/img/tour/4e5fcce54de8849d.jpeg/145.jpg,\nhttps://cdn.getyourguide.com/img/tour/f6433040508cbf72.jpeg/145.jpg,\nhttps://cdn.getyourguide.com/img/tour/17e2ed8c5da3bed7.jpeg/145.jpg,\nhttps://cdn.getyourguide.com/img/tour/607928e96b2bbd36.jpeg/145.jpg,\nhttps://cdn.getyourguide.com/img/tour/141177c5b0577afb.jpeg/145.jpg,\nhttps://cdn.getyourguide.com/img/tour/bbcaa774d1d896f5.jpeg/145.jpg,\nhttps://cdn.getyourguide.com/img/tour/3ebce297b5c43f81.jpeg/145.jpg,\nhttps://cdn.getyourguide.com/img/tour/b03b6f0c2d0193e7.jpeg/145.jpg,\nhttps://cdn.getyourguide.com/img/tour/5e3c4926719fb.jpeg/159.jpg,\nhttps://cdn.getyourguide.com/img/tour/5d541b7e3cfbe.jpeg/159.jpg,\nhttps://cdn.getyourguide.com/img/tour/5ccc4c9f4c8fb.jpeg/159.jpg,\nhttps://cdn.getyourguide.com/img/tour/5cd187a2b7c3a.jpeg/159.jpg,'),(5,'Barcelona: El Born/Gothic Quarter Wine and Tapas Bar Tour',4,'Food','Stroll through the charming streets of the Gothic Quarter and El Born on a wine and tapas tour. Learn more about the area, taste exquisite wines in top local tapas bars, and try gourmet food products.','Free cancellation, Reserve now & pay later, Duration 3 - 4 hours, Live tour guide (English)','https://cdn.getyourguide.com/img/tour/d0cbb7d71d58f383.jpeg/145.jpg,\nhttps://cdn.getyourguide.com/img/tour/59255e9d9c98853a.jpeg/145.jpg,\nhttps://cdn.getyourguide.com/img/tour/fd9f4d216eff7914.jpeg/145.jpg,\nhttps://cdn.getyourguide.com/img/tour/f9484f9159c88869.jpeg/145.jpg,\nhttps://cdn.getyourguide.com/img/tour/eccd90192cb26126.jpeg/145.jpg,\nhttps://cdn.getyourguide.com/img/tour/b67027a7c1289063.jpeg/145.jpg,\nhttps://cdn.getyourguide.com/img/tour/617845648cd179be.jpeg/145.jpg,\nhttps://cdn.getyourguide.com/img/tour/935ddbe14f690628.jpeg/145.jpg,\nhttps://cdn.getyourguide.com/img/tour/592457afaeafb2b3.jpeg/145.jpg,\nhttps://cdn.getyourguide.com/img/tour/e875d2a8634a97e3.jpeg/145.jpg,\nhttps://cdn.getyourguide.com/img/tour/08e9bde29df2526b.jpeg/145.jpg,\nhttps://cdn.getyourguide.com/img/tour/d93d2b386b7106a8.jpeg/145.jpg,'),(6,'Amsterdam: Jordaan District Local Food Walking Tour',5,'Food','Embark on a guided walking tour through Amsterdam s buzzing Jordaan neighborhood on this guided tour and discover its thriving foodie scene. Taste local delicacies at a range of venues as you discover cultural attractions and picturesque canals.','Free cancellation, Reserve now & pay later, Duration 3.5 hours, Live tour guide (English), The Original experience','\nhttps://cdn.getyourguide.com/img/tour/1476046998d0502c.jpeg/145.jpg,\nhttps://cdn.getyourguide.com/img/tour/56e5283e1edb2ca1.jpeg/145.jpg,\nhttps://cdn.getyourguide.com/img/tour/37eebb241ed7c115.jpeg/145.jpg,\nhttps://cdn.getyourguide.com/img/tour/a4441cceb1ee3b73.jpeg/145.jpg,\nhttps://cdn.getyourguide.com/img/tour/a2884e4810a766f0.jpeg/145.jpg,\nhttps://cdn.getyourguide.com/img/tour/baaf26ca40c800af.jpeg/145.jpg,\nhttps://cdn.getyourguide.com/img/tour/853f3fb75b809c7d.jpeg/145.jpg,\nhttps://cdn.getyourguide.com/img/tour/05b8686f7cf6bb20.jpeg/145.jpg,\nhttps://cdn.getyourguide.com/img/tour/5231e1d4ee2f13d9.jpeg/145.jpg,\nhttps://cdn.getyourguide.com/img/tour/8c14eea28e1fabbf.jpeg/145.jpg,\nhttps://cdn.getyourguide.com/img/tour/32b289fd11723e81.jpeg/145.jpg,\nhttps://cdn.getyourguide.com/img/tour/1e4fd490973caead.jpeg/145.jpg,\nhttps://cdn.getyourguide.com/img/tour/67e4a287585dbf85.jpeg/145.jpg,\nhttps://cdn.getyourguide.com/img/tour/11250345f4d850ea.jpeg/145.jpg,\nhttps://cdn.getyourguide.com/img/tour/22af0d5dd666421d.jpeg/145.jpg,'),(7,'The Scotch Whisky Experience: Whisky Masterclass with Expert',6,'Food','Experience an exclusive whisky-tasting masterclass at The Scotch Whisky Experience in Edinburgh. Enjoy a rare opportunity to taste 4 world-class whiskies and canapés, led by a certified whisky expert.','Free cancellation, Reserve now & pay later, Duration 1 hour, Live tour guide (English), Wheelchair accessible, Small group','https://cdn.getyourguide.com/img/tour/90a928a3cfeb8a65.jpeg/145.jpg,\nhttps://cdn.getyourguide.com/img/tour/9780ce1c756ad7ee.jpeg/145.jpg,\nhttps://cdn.getyourguide.com/img/tour/5af2178b10d47e8b.jpeg/145.jpg,\nhttps://cdn.getyourguide.com/img/tour/b08d6aab02da698c.jpeg/145.jpg,\nhttps://cdn.getyourguide.com/img/tour/47455e3e8d6a14aa.jpeg/145.jpg,\nhttps://cdn.getyourguide.com/img/tour/24cf1bdbb9aeb1ad.jpeg/145.jpg,\nhttps://cdn.getyourguide.com/img/tour/d62c4c5602a5dd67.jpeg/145.jpg,\nhttps://cdn.getyourguide.com/img/tour/7d076c312c9a1949.jpeg/145.jpg,\nhttps://cdn.getyourguide.com/img/tour/ec6039036aa7c111.jpeg/145.jpg,\nhttps://cdn.getyourguide.com/img/tour/82e905cbd2b2d990.jpeg/145.jpg,\nhttps://cdn.getyourguide.com/img/tour/be955378d8d23b6b.jpeg/145.jpg,\nhttps://cdn.getyourguide.com/img/tour/5f7b672d4cc807ce.jpeg/145.jpg,\nhttps://cdn.getyourguide.com/img/tour/b98b801b681acc50.jpeg/145.jpg,\nhttps://cdn.getyourguide.com/img/tour/3a7088f68c247b94.jpeg/145.jpg,\nhttps://cdn.getyourguide.com/img/tour/e73bdc678c891e2f.jpeg/145.jpg,'),(8,'From Edinburgh: \"Outlander\" Filming Locations Explorer Tour',6,'Culture','Walk in the footsteps of Jamie and Claire from the hit series Outlander on a guided tour of various filming locations in Northern Scotland, including Midhope Castle, Blackness Castle, and Falkland.','Free cancellation, Reserve now & pay later, Duration 9 hours, Live tour guide (English)','https://cdn.getyourguide.com/img/tour/33217b46c4f4dc0a.jpeg/145.jpg,\nhttps://cdn.getyourguide.com/img/tour/449601cbd4bcf9ad.jpeg/145.jpg,\nhttps://cdn.getyourguide.com/img/tour/076b98df1b33a16e.jpeg/145.jpg,\nhttps://cdn.getyourguide.com/img/tour/e88a688cf846070d.jpeg/145.jpg,\nhttps://cdn.getyourguide.com/img/tour/2ef2ec18d6dbb0cf.jpeg/145.jpg,\nhttps://cdn.getyourguide.com/img/tour/92876ee067888708.jpeg/145.jpg,\nhttps://cdn.getyourguide.com/img/tour/3ece6b884331dc8e.jpeg/145.jpg,\nhttps://cdn.getyourguide.com/img/tour/0274dfdf6938d39d.jpeg/145.jpg,\nhttps://cdn.getyourguide.com/img/tour/34f62a02518889e2.jpeg/145.jpg,\nhttps://cdn.getyourguide.com/img/tour/6acd499737ae2655.jpeg/145.jpg,\nhttps://cdn.getyourguide.com/img/tour/69ff04f1c094b793.jpeg/145.jpg,\nhttps://cdn.getyourguide.com/img/tour/49b531bbb85c99d6.jpeg/145.jpg,'),(9,'Christmas Market Photoshoot at Ice Village Museumplein',6,'Culture','Join us in celebrating the festive season in a magical setting and get into the spirit of the holidays with a Christmas Market photoshoot!','Free cancellation, Reserve now & pay later, Duration 45 minutes, Host or greeter (Dutch, English), Wheelchair accessible, Private group','https://cdn.getyourguide.com/img/tour/08014897c8c91796.jpeg/145.jpg,\nhttps://cdn.getyourguide.com/img/tour/52e17a89698ba4c5.jpeg/145.jpg,\nhttps://cdn.getyourguide.com/img/tour/509fa6f7896927b1.jpeg/145.jpg,\nhttps://cdn.getyourguide.com/img/tour/0115e441a51eab29.jpeg/145.jpg,\nhttps://cdn.getyourguide.com/img/tour/adfa007946c0d118.jpeg/145.jpg,\nhttps://cdn.getyourguide.com/img/tour/ea3546e60e3cbade.jpeg/145.jpg,\nhttps://cdn.getyourguide.com/img/tour/52e17a89698ba4c5.jpeg/98.jpg,'),(10,'Paris Catacombs: VIP Skip-the-Line Restricted Access Tour',7,'Culture','Skip the long lines and unlock gates to hidden rooms in the Catacombs on this small group VIP tour. Explore the world’s largest ossuary and discover the buried secrets of underground Paris.','Free cancellation, Reserve now & pay later, Duration 2 hours, Skip the ticket line, Live tour guide (English), Small group, Limited to 7 participants','https://cdn.getyourguide.com/img/tour/becd3bd4d4f9b370.jpeg/145.jpg,\nhttps://cdn.getyourguide.com/img/tour/c0012b81e67c8664.jpeg/145.jpg,\nhttps://cdn.getyourguide.com/img/tour/9136937af78af95c.jpeg/145.jpg,\nhttps://cdn.getyourguide.com/img/tour/c32ced7ddce00a9b.jpeg/145.jpg,\nhttps://cdn.getyourguide.com/img/tour/68dec29ce83984d3.jpeg/145.jpg,\nhttps://cdn.getyourguide.com/img/tour/2087f0d38483cf6f.jpeg/145.jpg,\nhttps://cdn.getyourguide.com/img/tour/ca01628252c84b63.jpeg/145.jpg,\nhttps://cdn.getyourguide.com/img/tour/741a277160089ee8.jpeg/145.jpg,\nhttps://cdn.getyourguide.com/img/tour/756e096a0cc1b85c.jpeg/145.jpg,'),(11,'Dubai: Tandem Skydive Experience at The Palm',8,'Sport','Admire Dubai from a new perspective and the best visibility possible, whilst falling at 120mph. Fly up to 13,000ft into Dubai s sky before free falling for nearly 60 seconds. Feel an incredible adrenaline rush as you enjoy a once-in-a-lifetime experience.','Non-refundable, Duration 1 hour, Instructor (English), Wheelchair accessible, Small group, Limited to 2 participants','https://cdn.getyourguide.com/img/tour/5d7e10ab1e3e2.jpeg/145.jpg,\nhttps://cdn.getyourguide.com/img/tour/63d7720f403ff.jpeg/145.jpg,\nhttps://cdn.getyourguide.com/img/tour/63d7720eab664.jpeg/145.jpg,\nhttps://cdn.getyourguide.com/img/tour/63d7720a7b376.jpeg/145.jpg,\nhttps://cdn.getyourguide.com/img/tour/63d7720b7b3ad.jpeg/145.jpg,\nhttps://cdn.getyourguide.com/img/tour/63d772096022d.jpeg/145.jpg,\nhttps://cdn.getyourguide.com/img/tour/63d7720c4cac9.jpeg/145.jpg,\nhttps://cdn.getyourguide.com/img/tour/63d7720dd38dc.jpeg/145.jpg,\nhttps://cdn.getyourguide.com/img/tour/63d7720ec9268.jpeg/145.jpg,'),(12,'Rovaniemi: Snowmobile Adventure Tour for Adults Only',9,'Sport','Experience the thrill of riding a snowmobile on an expedition for adults only from Rovaniemi. Explore stunning winter scenery and fly beside picturesque Lappish forests and rivers.','Free cancellation, Duration 3 hours, Instructor (English), Small group available','https://cdn.getyourguide.com/img/tour/648ad7d76fdd2.jpeg/145.jpg,\nhttps://cdn.getyourguide.com/img/tour/6260ee449ee6a.jpeg/145.jpg,\nhttps://cdn.getyourguide.com/img/tour/64412827118aa.jpeg/145.jpg,\nhttps://cdn.getyourguide.com/img/tour/648ad7c205d9e.jpeg/145.jpg,\nhttps://cdn.getyourguide.com/img/tour/6260edb03145d.jpeg/145.jpg,\nhttps://cdn.getyourguide.com/img/tour/6260ee16e4bc0.jpeg/145.jpg,\nhttps://cdn.getyourguide.com/img/tour/6260edca773f1.jpeg/145.jpg,\nhttps://cdn.getyourguide.com/img/tour/644127daae04f.jpeg/145.jpg,\nhttps://cdn.getyourguide.com/img/tour/648ad7a418efd.jpeg/145.jpg,\nhttps://cdn.getyourguide.com/img/tour/648ad7a7595a2.jpeg/145.jpg,\nhttps://cdn.getyourguide.com/img/tour/648ad7bb4ccdc.jpeg/145.jpg,\nhttps://cdn.getyourguide.com/img/tour/648ad7c1e4ce4.jpeg/145.jpg,\nhttps://cdn.getyourguide.com/img/tour/648ad7c65fdf3.jpeg/145.jpg,\nhttps://cdn.getyourguide.com/img/tour/648ad7d1c0100.jpeg/145.jpg,'),(13,'London: Climb The Roof of The O2 Arena',10,'Sport','Climb the roof of London s premier entertainment venue, The O2 Arena, and admire the stunning views of the British capital. Enjoy an exhilarating guided climb as you learn more about the venue.','Free cancellation, Duration 1.5 hours, Instructor (English)','https://cdn.getyourguide.com/img/tour/5dce8e9d8d4e4.jpeg/145.jpg,\nhttps://cdn.getyourguide.com/img/tour/5dce8e8d392b8.jpeg/145.jpg,\nhttps://cdn.getyourguide.com/img/tour/5dce8ea62c742.jpeg/145.jpg,\nhttps://cdn.getyourguide.com/img/tour/5dce8eae2d767.jpeg/145.jpg,\nhttps://cdn.getyourguide.com/img/tour/5dce8ebadff87.jpeg/145.jpg,\nhttps://cdn.getyourguide.com/img/tour/5dce8ec3b4844.jpeg/145.jpg,\nhttps://cdn.getyourguide.com/img/tour/5dce8edb2af1f.jpeg/145.jpg,\nhttps://cdn.getyourguide.com/img/tour/5dce8ee56f235.jpeg/145.jpg,\nhttps://cdn.getyourguide.com/img/tour/5dce8eee6be5a.jpeg/145.jpg,\nhttps://cdn.getyourguide.com/img/tour/64425b5ac115e.jpeg/145.jpg,\nhttps://cdn.getyourguide.com/img/tour/64425b6960dec.jpeg/145.jpg,\nhttps://cdn.getyourguide.com/img/tour/36c87c44096506f2.jpeg/159.jpg,\nhttps://cdn.getyourguide.com/img/tour/64c3ea3416e93.jpeg/159.jpg,\nhttps://cdn.getyourguide.com/img/tour/11e4384f6279e223.jpeg/159.jpg,');
/*!40000 ALTER TABLE `activity` ENABLE KEYS */;
UNLOCK TABLES;

--
-- Table structure for table `country`
--

DROP TABLE IF EXISTS `country`;
/*!40101 SET @saved_cs_client     = @@character_set_client */;
/*!50503 SET character_set_client = utf8mb4 */;
CREATE TABLE `country` (
  `id` int NOT NULL AUTO_INCREMENT,
  `countryName` varchar(255) NOT NULL,
  `description` text NOT NULL,
  `additionInfo` varchar(255) NOT NULL,
  `demoImage` varchar(255) NOT NULL,
  PRIMARY KEY (`id`)
) ENGINE=InnoDB AUTO_INCREMENT=15 DEFAULT CHARSET=utf8mb4 COLLATE=utf8mb4_0900_ai_ci;
/*!40101 SET character_set_client = @saved_cs_client */;

--
-- Dumping data for table `country`
--

LOCK TABLES `country` WRITE;
/*!40000 ALTER TABLE `country` DISABLE KEYS */;
INSERT INTO `country` VALUES (1,'United States','The United States of America, often referred to as the USA, is a vast and dynamic nation encompassing 50 states, each with its own distinct character. From the towering skyscrapers of Manhattan to the sun-drenched beaches of California, the USA is a land of contrasts and opportunities. Immerse yourself in the cultural diversity of cities like Los Angeles, experience the historical significance of Washington, D.C., and explore the natural wonders of Yellowstone National Park. Whether you are drawn to the glamour of Hollywood, the tech innovation of Silicon Valley, or the jazz-filled streets of New Orleans, the USA has something to offer every traveler.','Diverse landscapes, vibrant cities, iconic landmarks, cultural festivals, outdoor adventures, diverse cuisine, historical significance, world-class entertainment, technological innovation, entrepreneurial spirit, national parks','https://www.goworldtravel.com/wp-content/uploads/2020/03/travel-landscapes-usa.jpg'),(2,'Japan','Japan, an archipelago in East Asia, is a captivating blend of ancient traditions and cutting-edge modernity. From the historic shrines of Kyoto to the neon-lit streets of Tokyo, Japan invites you on a journey through time. Indulge in the artistry of traditional tea ceremonies, witness the breathtaking beauty of Mount Fuji, and navigate the bustling markets of Osaka. With a deep appreciation for nature and a commitment to technological advancement, Japan offers a unique and harmonious travel experience.','Zen gardens, traditional arts, futuristic technology, efficient public transportation, cherry blossom festivals, anime culture, onsens, capsule hotels, polite etiquette, Shinto shrines, karaoke culture','https://dynamic-media-cdn.tripadvisor.com/media/photo-o/26/97/39/7f/caption.jpg?w=1200&h=-1&s=1&cx=1920&cy=1080&chk=v1_f31158e4bb953d28a308'),(3,'Australia','Australia, the land Down Under, is a continent of diverse landscapes and vibrant culture. From the otherworldly beauty of the Outback to the pristine beaches of the Gold Coast, Australia is a playground for nature lovers and adventure seekers alike. Dive into the Great Barrier Reefs mesmerizing underwater world, explore the ancient Indigenous heritage, and savor the multicultural flavors of Melbournes culinary scene. Australias laid-back lifestyle, friendly locals, and commitment to environmental conservation make it a destination that leaves a lasting impact.','Aboriginal culture, surfing paradise, unique wildlife encounters, multicultural communities, Indigenous art, outdoor barbecue culture, sports enthusiasm, Great Ocean Road, eco-friendly initiatives, adventurous activities, wine regions','https://images7.alphacoders.com/716/716104.jpg'),(4,'Brazil','Brazil, the largest country in South America, is a kaleidoscope of colors, rhythms, and natural wonders. From the pulsating energy of Rio de Janeiros Carnival to the tranquility of the Amazon rainforest, Brazil offers a sensory journey like no other. Engage in the lively samba dance, taste the diverse flavors of Brazilian cuisine, and witness the awe-inspiring Iguazu Falls. With a melting pot of cultures and a passion for celebration, Brazil invites you to experience its warmth, vitality, and breathtaking landscapes.','Carnival spirit, Amazon river cruises, caipirinha cocktails, football passion, diverse music genres, colorful street art, tropical rainforest adventures, diverse ecosystems, traditional churrasco, vibrant street markets, Capoeira','https://i.ytimg.com/vi/vlxqterQMhs/maxresdefault.jpg'),(5,'South Africa','South Africa, a rainbow nation at the southern tip of Africa, is a treasure trove of natural beauty and cultural heritage. From the majestic Table Mountain overlooking Cape Town to the wild savannas of Kruger National Park, South Africa boasts a diverse tapestry of landscapes. Embark on thrilling wildlife safaris, delve into the history of apartheid in Johannesburg, and relax on the golden beaches of Durban. The warmth and friendliness of the locals add an extra layer of charm to the rich, multicultural experience awaiting you in South Africa.','Township experiences, Big Five safaris, Nelson Mandelas legacy, diverse languages, Cape Winelands, apartheid history tours, Garden Route exploration, rugby culture, Biltong snacks, stunning coastal drives, Zulu traditions','https://wallpapercave.com/wp/wp1842994.jpg'),(6,'France','France, the epitome of sophistication and romance, is a country that invites you to savor the finer things in life. From the enchanting boulevards of Paris to the rolling vineyards of Bordeaux, France is a celebration of art, culture, and culinary excellence. Indulge in the exquisite flavors of French cuisine, admire the masterpieces at the Louvre, and stroll through charming villages in Provence. With a legacy of artistic brilliance, architectural marvels, and a culinary heritage that tantalizes the taste buds, France is a destination that promises an unforgettable journey.','Fashion capital, culinary excellence, vineyard tours, French Riviera glamour, literary history, artistic inspiration, canal cruises, high-speed trains, charming cafes, historic chateaux, sophisticated shopping','https://www.wallpaperflare.com/static/615/284/1019/city-paris-france-tower-wallpaper.jpg'),(7,'India','India, a captivating mosaic of ancient traditions and vibrant cultures, invites intrepid souls to embark on a journey woven with the threads of history, spirituality, and breathtaking landscapes. From the bustling markets of Delhi to the grandeur of the Taj Mahal and the mystical allure of the Himalayas, every step in India is a voyage into a realm where tradition meets modernity.','Explore the vibrant festivals, diverse cuisine, and architectural wonders.','https://media.istockphoto.com/id/1146517111/photo/taj-mahal-mausoleum-in-agra.jpg?b=1&s=612x612&w=0&k=20&c=3PEobOthDnogYweVRbKoRqf7-p1aB6UQvKXSyYdDmVY='),(8,'Canada','Canada, a vast and diverse land, invites adventurers to embark on a journey that unfolds the untamed beauty of its wilderness and the rich tapestry of its cultural landscapes. From the rugged peaks of the Rocky Mountains to the serene lakes of Banff, Canada is a symphony of natural wonders waiting to be explored.','Enjoy outdoor activities, maple syrup, and the beauty of the northern lights.','https://media.timeout.com/images/105239979/750/422/image.jpg'),(9,'China','China, a land of ancient wonders and modern marvels, beckons adventurers to embark on a journey that transcends time and culture. From the iconic Great Wall to the bustling streets of Shanghai, China is a fusion of history, innovation, and breathtaking landscapes that promise an unforgettable adventure.','Explore the Great Wall, traditional Chinese medicine, and delicious cuisine.','https://images2.alphacoders.com/707/707504.jpg'),(10,'Mexico','Mexico, a vibrant tapestry of history, culture, and natural wonders, extends a warm invitation to adventurers seeking an extraordinary journey. From the ancient pyramids of Teotihuacan to the pristine beaches of the Riviera Maya, Mexico is a captivating blend of ancient traditions and modern allure that promises an immersive adventure.','Discover the vibrant traditions, mariachi music, and delicious street food.','https://static.toiimg.com/photo/msid-44970723,width-96,height-65.cms');
/*!40000 ALTER TABLE `country` ENABLE KEYS */;
UNLOCK TABLES;

--
-- Table structure for table `customer`
--

DROP TABLE IF EXISTS `customer`;
/*!40101 SET @saved_cs_client     = @@character_set_client */;
/*!50503 SET character_set_client = utf8mb4 */;
CREATE TABLE `customer` (
  `user_id` int NOT NULL AUTO_INCREMENT,
  `name` varchar(255) NOT NULL,
  `cardNo` varchar(255) DEFAULT NULL,
  `address` varchar(255) DEFAULT NULL,
  `phoneNumber` varchar(255) DEFAULT NULL,
  `email` varchar(255) NOT NULL,
  `passport` varchar(255) DEFAULT NULL,
  PRIMARY KEY (`user_id`)
) ENGINE=InnoDB AUTO_INCREMENT=3 DEFAULT CHARSET=utf8mb4 COLLATE=utf8mb4_0900_ai_ci;
/*!40101 SET character_set_client = @saved_cs_client */;

--
-- Dumping data for table `customer`
--

LOCK TABLES `customer` WRITE;
/*!40000 ALTER TABLE `customer` DISABLE KEYS */;
INSERT INTO `customer` VALUES (1,'HieuNguyen',NULL,NULL,NULL,'hieunguyen@gmail.com',NULL),(2,'hieutrung',NULL,NULL,NULL,'hieutrung@gmail.com',NULL);
/*!40000 ALTER TABLE `customer` ENABLE KEYS */;
UNLOCK TABLES;

--
-- Table structure for table `destination`
--

DROP TABLE IF EXISTS `destination`;
/*!40101 SET @saved_cs_client     = @@character_set_client */;
/*!50503 SET character_set_client = utf8mb4 */;
CREATE TABLE `destination` (
  `id` int NOT NULL AUTO_INCREMENT,
  `name` varchar(255) NOT NULL,
  `countryId` int NOT NULL,
  `description` text NOT NULL,
  `additionInfo` varchar(255) NOT NULL,
  `demoImage` varchar(255) DEFAULT '',
  PRIMARY KEY (`id`),
  KEY `country_id` (`countryId`)
) ENGINE=InnoDB AUTO_INCREMENT=51 DEFAULT CHARSET=utf8mb4 COLLATE=utf8mb4_0900_ai_ci;
/*!40101 SET character_set_client = @saved_cs_client */;

--
-- Dumping data for table `destination`
--

LOCK TABLES `destination` WRITE;
/*!40000 ALTER TABLE `destination` DISABLE KEYS */;
INSERT INTO `destination` VALUES (1,'Paris',6,'Paris, the capital of France, is an enchanting city that beckons with its timeless beauty and cultural richness. Beyond its iconic landmarks, Paris is a tapestry of art, history, and culinary delights. Stroll along the Seine River, immerse yourself in world-renowned museums, and savor the exquisite flavors of French cuisine in charming bistros. From the historic cobblestone streets of Le Marais to the grandeur of the Notre-Dame Cathedral, Paris is a city that captures the hearts of all who visit.','Best experience, Delicious food, Art museums, River Seine cruises, Champs-Élysées shopping, Literary history, Fashion districts, Romantic ambiance','https://res.klook.com/image/upload/Mobile/City/swox6wjsl5ndvkv5jvum.jpg'),(2,'Louvre Museum',6,'The Louvre Museum, situated on the right bank of the Seine River in Paris, is a masterpiece in itself. As you step into the grand courtyard of the Louvre, you are transported into a world of artistic wonders spanning centuries. Housing over 35,000 works of art, including the enigmatic Mona Lisa, the Louvre invites you on a journey through human creativity. From the intricacies of ancient civilizations to the brushstrokes of the Renaissance, each gallery holds a story waiting to be discovered.','Art masterpiece collection, Historical significance, Guided tours, Interactive exhibits, Architectural marvels, Sculpture garden, Art workshops','https://cdn.britannica.com/01/150801-050-3072D42F/Louvre-Museum-pyramid-Paris-Pei-IM.jpg'),(3,'Versailles Palace',6,'The Palace of Versailles, a testament to opulence and royal grandeur, stands as an emblem of France\'s golden age. This architectural marvel, nestled in the picturesque suburbs of Paris, invites you to step back in time. Explore the grandeur of the palace, stunning gardens, and Hall of Mirrors. Step back in time to an era of royal extravagance and discover the stories behind this architectural masterpiece.','Royal history, Ornate gardens, Musical fountain shows, Carriage museum, Private apartments tour, Nighttime events, Marie Antoinette\'s estate','https://en.chateauversailles.fr/sites/default/files/c3_1.jpg'),(4,'Montmartre',6,'Montmartre, the bohemian heart of Paris, is a neighborhood that resonates with artistic energy and romantic allure. As you ascend the cobblestone streets to the summit, you\'ll be greeted by the iconic Basilica of the Sacred Heart, offering panoramic views of the city below. Wander through narrow alleys adorned with vibrant street art, pause at bustling cafés where Picasso once sought inspiration, and feel the heartbeat of Parisian creativity. Montmartre is not merely a place; it\'s an artistic symphony that continues to captivate.','Artistic atmosphere, Cafés, Street performers, Art studios, Bohemian markets, Moulin Rouge cabaret, Local galleries, Hidden gems','https://blushrougette.com/wp-content/uploads/2021/07/sacre-coeur-basilica-paris.jpg'),(5,'Sainte-Chapelle',6,'Sainte-Chapelle, a jewel of Gothic architecture nestled within the heart of Paris, is a testament to the divine beauty of stained glass. Commissioned by King Louis IX, this celestial sanctuary invites you into a realm of kaleidoscopic light and intricate craftsmanship. As sunlight dances through the vibrant panes, biblical stories come to life in a breathtaking display. Sainte-Chapelle is more than a religious edifice; it\'s a luminous testament to the intersection of faith and art, where the divine meets the mortal gaze.','Architectural beauty, Stained glass art, Guided tours, Classical music concerts, Spiritual retreat, Historical significance, Illuminated evenings','https://loc-hall.fr/wp-content/uploads/2021/11/La-sainte-Chapelle-vue-exterieure-1.jpg.webp'),(6,'Statue of Liberty',1,'The Statue of Liberty, standing tall on Liberty Island in New York Harbor, is a beacon of freedom and democracy. Gifted by France to the United States, Lady Liberty has become an enduring symbol of hope and resilience. As you approach her, marvel at the intricate details of her crown and torch. Embark on a journey to the crown for unparalleled views of the city skyline. The Statue of Liberty is not merely a monument; she is a guardian, watching over the dreams and aspirations of all who gaze upon her.','Historical landmark, Immigration symbol, Liberty Island ferry, Crown access tour, Ellis Island Museum, Statue of Liberty Museum, Nighttime illumination, Educational programs','https://cloudfront-us-east-1.images.arcpublishing.com/advancelocal/VKFZOBUTVNFNVBUKSS77AKAKTI.JPEG'),(7,'Grand Canyon National Park',1,'Grand Canyon National Park, a geological masterpiece carved by the mighty Colorado River, is a testament to the Earth\'s enduring beauty. As you stand on the rim, the vastness of the canyon unfolds before you, revealing a kaleidoscope of colors and rock formations that defy imagination. Whether you embark on a challenging hike down into the canyon or simply savor the views from the rim, the Grand Canyon is a journey through time, where each layer of rock tells a story millions of years in the making.','Spectacular views, Hiking trails, Colorado River rafting, Havasu Falls trek, Star-gazing programs, Grand Canyon Village, Wildlife photography, South Rim viewpoints','https://npca.s3.amazonaws.com/images/8706/591ff182-b7f9-4da1-9c16-c29e0ace3dc4-banner.jpg?1445970338'),(8,'Disneyland Resort',1,'Disneyland Resort in California, the magical kingdom where dreams come to life, is a celebration of joy and fantasy. As you step through the iconic gates, you\'re transported into a world of enchanting rides, captivating shows, and beloved Disney characters. From the whimsical spires of Sleeping Beauty Castle to the futuristic allure of Tomorrowland, Disneyland is a realm where imagination knows no bounds. It\'s not just an amusement park; it\'s a sanctuary of wonder and delight for the young and young at heart.','Family-friendly, Magical atmosphere, Character meet-and-greets, Parades, Nighttime spectaculars, Dining with Disney characters, Exclusive experiences, Thrilling rides','https://wallpapers.com/images/hd/animated-disney-castle-has6vy47k75d0bzs.jpg'),(9,'Yellowstone Falls',1,'Yellowstone Falls, a mesmerizing cascade within the heart of Yellowstone National Park, is nature\'s symphony of power and beauty. Whether you witness the thunderous roar of the Lower Falls or the delicate veil of the Upper Falls, each moment is a testament to the park\'s diverse and awe-inspiring ecosystem. Hike along the scenic trails, marvel at the geothermal wonders, and embrace the serenity of the wilderness. Yellowstone Falls is not just a waterfall; it\'s a poetic expression of nature\'s grandeur.','Scenic beauty, Wildlife spotting, Hiking trails, Geothermal features, Yellowstone River, Artist Point, Canyon Village, Photography opportunities','https://c4.wallpaperflare.com/wallpaper/824/450/363/yellowstone-falls-wallpaper-preview.jpg'),(10,'Miami Beach',1,'Miami Beach, a vibrant coastal paradise on the shores of Florida, is a sensory delight of sun, sea, and style. As you sink your toes into the white sandy beaches, the vibrant energy of Miami comes alive. From the iconic pastel-hued Art Deco architecture to the lively nightlife of South Beach, Miami Beach is a fusion of relaxation and excitement. Indulge in the cultural mosaic of Cuban influences, savor exquisite cuisine, and let the rhythmic beats of the city guide your every step.','Beach paradise, Art Deco district, Water sports, Ocean Drive nightlife, Cuban cuisine, Wynwood Walls art district, Boat tours, Fashion boutiques','https://images8.alphacoders.com/880/thumb-1920-880550.jpg'),(11,'Tokyo Disneyland',2,'Tokyo Disneyland, nestled in the bustling metropolis of Tokyo, is a spellbinding fusion of Japanese hospitality and Disney magic. As you explore the park, encounter unique attractions, parades, and the enchanting Cinderella Castle. Immerse yourself in the vibrant atmosphere of Japanese Disney culture, where tradition and fantasy harmoniously coexist. Tokyo Disneyland is not just an amusement park; it\'s a cultural crossroads where the East meets the enchantment of the West.','Japanese Disney magic, Character meet-ups, Traditional snacks, Tokyo Disneyland Hotel, Nighttime spectaculars, Seasonal events, Disney merchandise, Parade viewing spots','https://media2.tokyodisneyresort.jp/home/common/og_image.jpg'),(12,'Mount Fuji',2,'Mount Fuji, Japan\'s iconic and sacred peak, stands as a silent sentinel against the horizon. As you venture closer, the symmetrical perfection of Mount Fuji unfolds, inviting you to explore its cultural significance and breathtaking landscapes. Whether you embark on a pilgrimage hike, witness the sunrise from the summit, or simply admire the mountain from afar, Mount Fuji is a spiritual journey and a testament to Japan\'s deep connection with nature.','Cultural landmark, Hiking adventure, Fuji Five Lakes, Hot springs, Cherry blossom viewing, Cultural festivals, Fuji Subaru Line 5th Station, Mount Fuji museums','https://c4.wallpaperflare.com/wallpaper/611/69/87/japan-mountains-mount-fuji-asian-architecture-wallpaper-preview.jpg'),(13,'Kyoto Temples',2,'Kyoto Temples, scattered throughout the ancient city of Kyoto, are living testaments to Japan\'s rich cultural heritage. As you meander through the historic lanes, each temple unveils a chapter of Japanese history, adorned with serene Zen gardens and sacred rituals. Immerse yourself in the tranquility of these spiritual sanctuaries, where the echoes of prayer and the fragrance of incense create an atmosphere of timeless beauty and contemplation.','Historical temples, Zen gardens, Tea ceremonies, Gion district, Traditional crafts, Maiko and Geisha culture, Arashiyama Bamboo Grove, Kimono rental','https://w0.peakpx.com/wallpaper/898/965/HD-wallpaper-kyoto-japan-temple-city-buildings-houses.jpg'),(14,'Osaka Castle',2,'Osaka Castle, a formidable fortress rising in the heart of Osaka, is a testament to Japan\'s feudal past and architectural prowess. Traverse through time as you explore the castle\'s towering walls, visit the museum, and ascend to the observation deck for panoramic views of Osaka. Immerse yourself in the historical narrative of samurai legends and vibrant cultural traditions that make Osaka Castle an enduring symbol of Japan\'s resilience and grandeur.','Historical landmark, Museum visit, Cherry blossom season, Nishinomaru Garden, Osaka Castle Park, Samurai and ninja experiences, Osaka Museum of History, Castle illumination','https://images7.alphacoders.com/976/976737.jpg'),(15,'Hiroshima Peace Memorial',2,'Hiroshima Peace Memorial, also known as the Atomic Bomb Dome, stands as a poignant tribute to the resilience of the human spirit in the face of tragedy. As you stand before this UNESCO World Heritage Site, absorb the historical significance and the symbolic call for a world free from nuclear conflict. Explore the adjacent Peace Memorial Park, where each monument tells a story of remembrance and hope for a peaceful future.','Historical significance, Peaceful reflection, Hiroshima Peace Memorial Museum, Hiroshima Castle, Shukkeien Garden, Okonomiyaki dining, Miyajima Island day trip, A-Bomb Dome illumination','https://gaijinpot.scdn3.secure.raxcdn.com/app/uploads/sites/6/2016/08/A-Bomb-Dome-Hiroshima--1024x683.jpg'),(16,'Great Barrier Reef',3,'The Great Barrier Reef, a mesmerizing underwater realm off the coast of Australia, is a living kaleidoscope of vibrant coral formations and diverse marine life. Immerse yourself in the crystal-clear waters to witness the intricate dance of marine biodiversity. Snorkel or dive into this UNESCO World Heritage Site for an unforgettable encounter with the wonders beneath the waves.','Marine biodiversity, Snorkeling paradise, Coral conservation efforts, Guided diving tours, Underwater photography, Coral bleaching awareness, Indigenous marine protection initiatives','https://wallpaperaccess.com/full/1151171.jpg'),(17,'Sydney Opera House',3,'The Sydney Opera House, an architectural masterpiece nestled along the harbor, is not just a cultural icon; its a symphony of design and cultural significance. Explore the sails that grace the skyline and attend a performance within its hallowed halls. Take a guided tour to unravel the stories behind this marvel, celebrating its role in shaping the artistic narrative of Sydney and the world.','Architectural marvel, Cultural performances, Behind-the-scenes tours, Opera and ballet experiences, Indigenous art exhibitions, Waterfront dining, Sunset performances, Sydney Harbour Bridge views','https://images4.alphacoders.com/743/743533.jpg'),(18,'Uluru-Kata Tjuta National Park',3,'Uluru, also known as Ayers Rock, stands as a sacred monolith in the heart of Australia, surrounded by the awe-inspiring landscapes of Uluru-Kata Tjuta National Park. As you explore this red desert expanse, discover not only the geological marvel of Uluru but also the rich tapestry of Aboriginal heritage woven into the land. Engage in guided tours to gain insights into ancient stories and the spiritual significance of this UNESCO-listed site.','Aboriginal heritage, Red desert landscapes, Indigenous storytelling, Guided cultural walks, Stargazing experiences, Indigenous art workshops, Cameldrive adventures, Tjukurpa teachings','https://dynamic-media-cdn.tripadvisor.com/media/photo-o/1b/59/0d/13/caption.jpg?w=600&h=400&s=1'),(19,'Great Ocean Road',3,'The Great Ocean Road, a scenic coastal masterpiece in Australia, unfolds like a visual poem along the Southern Ocean. Embark on a journey where every twist and turn reveals breathtaking views of towering cliffs, golden beaches, and the iconic Twelve Apostles. Traverse this coastal drive to witness the raw beauty of Australia\'s coastline, capturing the essence of nature\'s grandeur.','Coastal drive, Natural wonders, Twelve Apostles viewpoints, Shipwreck Coast history, Surfing hotspots, Rainforest walks, Local seafood experiences, Sunset vistas','https://pixelz.cc/wp-content/uploads/2016/11/great-ocean-road-victoria-australia-4k-wallpaper.jpg'),(20,'Bondi Beach',3,'Bondi Beach, a haven for surfers and sun-seekers, epitomizes the laid-back coastal vibe of Australia. The golden sands stretch as far as the eye can see, inviting you to relax, take a surf lesson, and soak up the vibrant atmosphere. Dive into the beachside cafes, where the scent of saltwater mingles with the aromas of world-class cuisine, creating an irresistible blend of surf culture and beach vibes.','Surfing paradise, Beach vibes, Coastal walks, Surfing competitions, Beach yoga sessions, Beachside dining, Local art markets, Bondi to Coogee coastal walk','https://c0.wallpaperflare.com/preview/252/37/114/australia-bondi-beach-bondi-icebergs-pool-pool.jpg'),(21,'Christ the Redeemer',4,'Christ the Redeemer, the iconic statue atop Corcovado Mountain in Rio de Janeiro, transcends its role as a spiritual landmark; it is a beacon of serenity and panoramic beauty. As you ascend to this marvel, the sprawling city unfolds beneath, offering unparalleled views. This monumental masterpiece invites you not only to witness the cityscape but to feel the spiritual embrace that echoes through the hills.','Spiritual landmark, City views, Sunset visits, Helicopter tours, Cultural significance, Christ the Redeemer history, Nighttime illumination, Photography excursions','https://images7.alphacoders.com/359/359867.jpg'),(22,'Copacabana Beach',4,'Copacabana Beach, a world-renowned stretch of golden sands in Rio de Janeiro, is more than a beach; its a canvas of vibrant energy and endless possibilities. Feel the pulse of the lively atmosphere as you relax on the iconic shores, where beach sports and sun-drenched days seamlessly blend. Copacabana is not just a beach; its a dynamic celebration of sun, sea, and the spirited essence of Brazilian culture.','Beach paradise, Vibrant energy, Beach volleyball, Surfing lessons, Beachside markets, Samba beach parties, Fresh coconut vendors, Nighttime beach events','https://c4.wallpaperflare.com/wallpaper/231/797/294/beach-brazil-copacabana-night-wallpaper-preview.jpg'),(23,'Iguazu Falls',4,'Iguazu Falls, a breathtaking natural wonder straddling the border of Brazil and Argentina, is a symphony of cascading water amidst lush rainforest. Venture into this natures spectacle to witness the sheer power and beauty of the falls. Engage in waterfall adventures, exploring walkways that offer immersive views and glimpses of diverse wildlife in this UNESCO-listed paradise.','Natures spectacle, Waterfall adventure, Boat excursions, Wildlife encounters, Moonlight walks, Birdwatching tours, Jungle safaris, Indigenous folklore','https://w0.peakpx.com/wallpaper/447/579/HD-wallpaper-iguazu-falls-waterfall-nature-iguazu-other.jpg'),(24,'Amazon Rainforest',4,'The Amazon Rainforest in Brazil, the worlds largest tropical rainforest, is a canvas of greenery pulsating with life. Embark on an eco-tourism journey to explore this cradle of biodiversity, where unique wildlife and lush vegetation coexist. Engage in guided tours that unveil the secrets of the rainforest, from the mighty Amazon River to the canopy above, fostering an appreciation for the delicate balance of this extraordinary ecosystem.','Eco-tourism, Wildlife exploration, Canopy walks, River cruises, Indigenous community visits, Medicinal plant discoveries, Nighttime jungle safaris, Sustainability initiatives','https://www.andbeyond.com/wp-content/uploads/sites/5/Amazon-Rain-Forest.jpg'),(25,'Carnival in Rio',4,'Experience the vibrant Carnival in Rio de Janeiro, a cultural extravaganza that transcends the boundaries of music, dance, and colorful parades. Immerse yourself in the rhythmic beats of samba, vibrant costumes, and the infectious energy that fills the streets. This world-famous celebration is not just an event; its a kaleidoscope of Brazilian culture that invites you to join the festivities and become part of the spectacle.','Cultural extravaganza, Samba rhythms, Carnival history, Street parties, Samba school parades, Costume workshops, Carnival cuisine, Carnival balls','https://southjets.com/wp-content/uploads/2019/02/Carnaval-en-Rio-de-Janeiro-la-fiesta-de-carnaval-mas-grande-del-mundo.jpg'),(26,'Table Mountain',5,'Table Mountain, a majestic landmark overlooking Cape Town, is more than a geographical wonder; its a canvas of scenic beauty and adventure. Whether you ascend via a cable car or embark on a hiking adventure, the summit offers panoramic views of the city, ocean, and surrounding landscapes. Table Mountain is a sanctuary where nature and urban allure converge, inviting you to explore its trails and embrace the allure of the Cape Peninsula.','Scenic beauty, Hiking adventure, Cable car experiences, Full moon hikes, Birdwatching, Abseiling adventures, Sunset picnics, Table Mountain National Park','https://i.pinimg.com/originals/e4/07/75/e4077595145db3a264436a8cbc7e75e8.jpg'),(27,'Kruger National Park',5,'Kruger National Park, one of Africas premier safari destinations, beckons with the allure of wildlife encounters and untamed landscapes. Embark on a wildlife safari amidst the vast expanse of the park, where the Big Five roam freely. Immerse yourself in the magic of the bushveld, from sunrise game drives to starlit nights, creating memories that resonate with the primal rhythm of the African wilderness.','Wildlife safari, Conservation area, Guided game drives, Bushwalk safaris, Stargazing experiences, Birding safaris, Luxury safari lodges, Rhino conservation initiatives','https://wallpapercave.com/wp/wp2538125.jpg'),(28,'Robben Island',5,'Robben Island, a UNESCO World Heritage Site near Cape Town, is not just a historical landmark; its a living testament to South Africa\'s journey from oppression to resilience. Venture to this island to explore the former prison where Nelson Mandela was held captive and gain insights into the complexities of South Africas apartheid history. Robben Island is a pilgrimage of remembrance, a place where history whispers in the winds off the Atlantic.','Historical landmark, Apartheid history, Guided prison tours, Mandela legacy, Ferry excursions, Cape Town city views, Lighthouse exploration, Anti-apartheid struggle narratives','https://dynamic-media-cdn.tripadvisor.com/media/photo-o/17/a4/f2/14/robben-islandhas-been.jpg?w=1200&h=-1&s=1'),(29,'Blyde River Canyon',5,'Blyde River Canyon, a breathtaking natural wonder in South Africa, beckons with its lush greenery, towering red cliffs, and panoramic views. Traverse the rim of the canyon to witness natures beauty unfolding in every direction. Engage in canyon exploration, from hiking trails that lead to hidden viewpoints to boat excursions offering a unique perspective of the canyons geological formations.','Canyon exploration, Natures beauty, God\'s Window viewpoints, Three Rondavels, Boat trips, Panorama Route drives, Bourke\'s Luck Potholes, Kadishi Tufa waterfall','https://i.pinimg.com/736x/8e/3f/17/8e3f173a01a91fea92f7f64296e8a9f7.jpg'),(30,'Victoria & Alfred Waterfront',5,'The Victoria & Alfred Waterfront in Cape Town is a vibrant harbor area that transcends the traditional definition of a waterfront. Explore the mix of historical charm and contemporary energy as you wander through shops, dine at waterfront restaurants, and immerse yourself in cultural attractions. This lively waterfront is not just a shopping and dining destination; it\'s a cultural and entertainment hub that invites you to experience Cape Town\'s dynamic spirit.','Shopping, Dining, Cultural experiences, Waterside promenades, Ferris wheel rides, Maritime history tours, Two Oceans Aquarium, Artisanal craft markets','https://www.capetourism.com/wp-content/uploads/2023/01/cape-town-va-waterfront.jpg'),(31,'Taj Mahal',7,'The Taj Mahal, a UNESCO World Heritage Site located in Agra, is an iconic symbol of love and architectural brilliance. Built by Emperor Shah Jahan in memory of his wife Mumtaz Mahal, this white marble mausoleum is a masterpiece of Mughal architecture. Explore the intricately designed gardens, marvel at the stunning marble domes, and immerse yourself in the historical and romantic aura of this timeless monument.','Architectural marvel, UNESCO World Heritage Site, Love story, Mughal architecture, Intricate gardens, Marble domes, Historical significance','https://imagescdn.pystravel.vn/uploads/posts/avatar/1644316230.jpg'),(32,'Jaipur City Palace',7,'The City Palace in Jaipur is a majestic complex that beautifully blends Rajput, Mughal, and European architectural styles. Explore the royal chambers, intricate courtyards, and the breathtaking Peacock Gate. With its rich history and opulent design, Jaipur City Palace offers a glimpse into the royal heritage of Rajasthan.','Royal architecture, Blend of styles, Peacock Gate, Courtyards, Rajput heritage, Mughal influence, European design','https://dynamic-media-cdn.tripadvisor.com/media/photo-o/13/96/8a/82/this-is-the-time-when.jpg?w=1200&h=1200&s=1'),(33,'Varanasi Ghats',7,'Varanasi, situated on the banks of the sacred Ganges River, is known for its ghats that host religious ceremonies and rituals. Witness the spiritual ambiance, take a boat ride along the Ganges, and experience the profound connection between spirituality and daily life in Varanasi.','Sacred Ganges River, Spiritual ambiance, Religious ceremonies, Boat ride, Ghats, Cultural immersion','https://www.tripsavvy.com/thmb/tJ6ruJDKISZf3tZn6jx__HeMUMY=/1500x0/filters:no_upscale():max_bytes(150000):strip_icc()/GettyImages-128253674-592156025f9b58f4c0d79bfd.jpg'),(34,'Rishikesh and Haridwar',7,'Rishikesh and Haridwar, located in the Himalayan foothills, are renowned for their spiritual significance and scenic beauty. Explore the ashrams in Rishikesh, witness the Ganga Aarti in Haridwar, and experience the tranquil environment of these two spiritually charged destinations.','Spiritual significance, Himalayan foothills, Ashrams, Ganga Aarti, Scenic beauty, Tranquil environment','https://www.tourmyindia.com/socialimg/haridwar-and-rishikesh-tour.webp'),(35,'Kerala Backwaters',7,'The backwaters of Kerala offer a serene and picturesque landscape with interconnected rivers, lakes, and canals. Experience a houseboat cruise, witness traditional art forms, and immerse yourself in the tranquil beauty of this South Indian paradise.','Serene landscape, Houseboat cruise, Traditional art forms, Backwater network, South Indian paradise, Kerala culture','https://media2.thrillophilia.com/images/photos/000/012/947/original/1513318534_India_Sea_Ships_450719.jpg?gravity=center&width=1280&height=642&crop=fill&quality=auto&fetch_format=auto&flags=strip_profile&format=jpg&sign_url=true'),(36,'Banff National Park',8,'Banff National Park, nestled in the Canadian Rockies, is a pristine wilderness and a haven for outdoor enthusiasts. The park boasts stunning mountain landscapes, turquoise lakes, and diverse wildlife. Explore the picturesque town of Banff, embark on scenic hikes, and witness the beauty of Lake Louise. With opportunities for wildlife spotting and outdoor adventures, Banff National Park offers a true escape into the heart of nature.','Mountain landscapes, Turquoise lakes, Outdoor adventures, Wildlife spotting, Scenic hikes, Lake Louise, Banff town, Canadian Rockies','https://media.cntraveler.com/photos/5bbe66816477eb358f143759/master/w_1600%2Cc_limit/Fairmont-Banff-Springs__2018_BSH-548.jpg'),(37,'Niagara Falls',8,'Niagara Falls, one of the natural wonders of the world, is a breathtaking spectacle located on the border of Canada and the United States. Experience the sheer power and beauty of the falls from various vantage points, take a boat tour to get up close, and explore the surrounding parks. Niagara Falls is not just a natural marvel; its also a hub of entertainment and attractions.','Natural wonder, Spectacular views, Boat tour, Parks, Entertainment, Attractions, Canada-US border','https://upload.wikimedia.org/wikipedia/commons/a/ab/3Falls_Niagara.jpg'),(38,'Whistler Blackcomb',8,'Whistler Blackcomb, located in British Columbia, is a world-renowned ski resort and outdoor adventure destination. With its stunning alpine landscapes, Whistler offers a wide range of activities, including skiing, snowboarding, mountain biking, and zip-lining. Explore the charming village, experience the vibrant apres-ski scene, and indulge in the thrill of outdoor pursuits.','Ski resort, Alpine landscapes, Outdoor adventures, Mountain biking, Zip-lining, Apres-ski, Charming village, British Columbia','https://mountainwatch.travel/wp-content/uploads/2019/03/LargeThumbnails-ExteriorWinterBeaconSide-1024x585.jpg'),(39,'Jasper National Park',8,'Jasper National Park, situated in the Canadian Rockies, is a haven for nature lovers and outdoor enthusiasts. Experience the beauty of glacial lakes, rugged mountain peaks, and abundant wildlife. Explore the iconic Icefields Parkway, take a boat cruise on Maligne Lake, and stargaze in the Dark Sky Preserve. Jasper National Park offers a serene and immersive escape into the heart of the Rockies.','Nature lover\'s paradise, Glacial lakes, Rugged peaks, Abundant wildlife, Icefields Parkway, Maligne Lake, Dark Sky Preserve, Canadian Rockies','https://lp-cms-production.s3.amazonaws.com/public/2021-05/shutterstockRF_1027912921.jpg'),(40,'Quebec City',8,'Quebec City, a charming and historic gem, is the capital of the province of Quebec. Explore the cobblestone streets of Old Quebec, visit the iconic Château Frontenac, and immerse yourself in the rich French-Canadian culture. With its European ambiance, lively festivals, and delicious cuisine, Quebec City offers a unique blend of history and modernity.','Charming city, Historic streets, Château Frontenac, French-Canadian culture, European ambiance, Festivals, Delicious cuisine, Province of Quebec','https://travel.destinationcanada.com/_next/image?url=https%3A%2F%2Fadmin.destinationcanada.com%2Fsites%2Fdefault%2Ffiles%2F2023-06%2FQC-Chateau-Frontenac_hero.jpg&w=1920&q=75'),(41,'The Great Wall',9,'The Great Wall of China is a marvel of ancient engineering and a symbol of the countrys rich history. Stretching over thousands of kilometers, the Great Wall offers panoramic views of the surrounding landscapes. Explore different sections of the wall, each with its unique characteristics, and immerse yourself in the historical significance of this UNESCO World Heritage Site.','Ancient engineering marvel, UNESCO World Heritage Site, Panoramic views, Different sections, Historical significance, Landscapes','https://upload.wikimedia.org/wikipedia/commons/thumb/2/23/The_Great_Wall_of_China_at_Jinshanling-edit.jpg/1200px-The_Great_Wall_of_China_at_Jinshanling-edit.jpg'),(42,'Li River, Guilin',9,'The Li River in Guilin is renowned for its stunning karst landscapes and picturesque scenery. Embark on a scenic boat cruise along the river, surrounded by towering limestone peaks and lush greenery. Explore traditional villages, witness cormorant fishing, and capture the breathtaking beauty that has inspired poets and artists for centuries.','Karst landscapes, Picturesque scenery, Scenic boat cruise, Limestone peaks, Traditional villages, Cormorant fishing, Guilin','https://upload.wikimedia.org/wikipedia/commons/c/c3/87318-Li-River.jpg'),(43,'The Forbidden City',9,'The Forbidden City, located in the heart of Beijing, is a majestic palace complex that served as the imperial palace for Chinese emperors for centuries. With its grand halls, ornate architecture, and extensive courtyards, the Forbidden City is a testament to China\'s imperial history. Explore the intricate details of the Hall of Supreme Harmony, stroll through the Imperial Gardens, and immerse yourself in the rich cultural heritage of this UNESCO World Heritage Site.','Imperial palace, Ornate architecture, UNESCO World Heritage Site, Hall of Supreme Harmony, Imperial Gardens, Chinese history, Cultural heritage','https://image.jimcdn.com/app/cms/image/transf/dimension=2080x10000:format=jpg/path/s2217cd0bb1220415/image/i924c52c240be26ee/version/1683854111/the-forbidden-city-beijing.jpg'),(44,'Yellow Mountain (Huangshan)',9,'Yellow Mountain, or Huangshan, is a UNESCO World Heritage Site known for its unique granite peaks, ancient pine trees, and mystical atmosphere. Experience the breathtaking sunrise over the sea of clouds, hike through scenic trails, and appreciate the timeless beauty that has inspired traditional Chinese art and literature for centuries.','UNESCO World Heritage Site, Granite peaks, Ancient pine trees, Breathtaking sunrise, Sea of clouds, Scenic trails, Huangshan','https://www.mercierzeng.com/image/huangshan/yellow-mountains-19.jpg'),(45,'Terracotta Army, Xi\'an',9,'The Terracotta Army in Xi\'an is a remarkable archaeological discovery, featuring thousands of life-sized clay soldiers and horses buried with Emperor Qin Shi Huang. Explore the three pits containing the terracotta warriors, each with its own formations and details. Witness the incredible craftsmanship and historical significance of this UNESCO World Heritage Site.','Archaeological discovery, Life-sized clay soldiers, Emperor Qin Shi Huang, Three pits, Craftsmanship, Historical significance, Xi\'an','https://assets.editorial.aetnd.com/uploads/2014/03/gettyimages-1236172686.jpg?width=768'),(46,'Chichen Itza',10,'Chichen Itza, a UNESCO World Heritage Site on the Yucatan Peninsula, is a mesmerizing archaeological complex that was once a major city of the ancient Maya civilization. Explore the iconic El Castillo pyramid, marvel at the astronomical precision of the structures, and discover the rich history and cultural significance of Chichen Itza. With its captivating ruins and historical importance, Chichen Itza offers a fascinating journey into the mysteries of the Maya civilization.','UNESCO World Heritage Site, Ancient Maya civilization, El Castillo pyramid, Astronomical precision, Archaeological complex, Yucatan Peninsula, Historical significance','https://upload.wikimedia.org/wikipedia/commons/5/51/Chichen_Itza_3.jpg'),(47,'Tulum',10,'Tulum, located along the Riviera Maya, is a coastal paradise with ancient Mayan ruins overlooking the Caribbean Sea. Explore the well-preserved archaeological site, relax on pristine beaches, and snorkel in crystal-clear cenotes. Tulum offers a perfect blend of history, nature, and relaxation in a breathtaking tropical setting.','Ancient Mayan ruins, Caribbean Sea, Pristine beaches, Snorkeling, Riviera Maya, Cenotes, Tropical paradise','https://a.cdn-hotels.com/gdcs/production73/d1624/45ab7e53-4363-41f8-8783-78765ac502ee.jpg'),(48,'Cancun',10,'Cancun, a world-renowned resort city on the Yucatan Peninsula, is famous for its stunning beaches, vibrant nightlife, and archaeological wonders. Relax on the white sands of the Hotel Zone, explore the Mayan ruins of El Rey, and indulge in the energetic atmosphere of the city\'s clubs and restaurants. Cancun offers a perfect blend of sun, sea, and culture.','Stunning beaches, Vibrant nightlife, Archaeological wonders, Hotel Zone, Mayan ruins, El Rey, Energetic atmosphere','https://upload.wikimedia.org/wikipedia/commons/thumb/a/ae/Cancun_aerial_photo_by_safa.jpg/1200px-Cancun_aerial_photo_by_safa.jpg'),(49,'Puerto Vallarta',10,'Puerto Vallarta, nestled on the Pacific Coast, is a charming coastal town known for its cobblestone streets, vibrant art scene, and beautiful beaches. Explore the historic Old Town, stroll along the Malecón boardwalk, and enjoy water activities in Banderas Bay. Puerto Vallarta offers a blend of cultural richness and natural beauty.','Cobblestone streets, Vibrant art scene, Beautiful beaches, Old Town, Malecón boardwalk, Banderas Bay, Cultural richness','https://cdn.aarp.net/content/dam/aarp/travel/international/2022/08/1140-puerto-vallarta.jpg'),(50,'Palenque',10,'Palenque, nestled in the jungles of Chiapas, is an archaeological site showcasing the grandeur of the ancient Maya civilization. Explore the well-preserved temples and palaces, surrounded by lush greenery and wildlife. With its mystical ambiance and historical significance, Palenque offers a journey into the heart of Maya culture and architecture.','Archaeological site, Ancient Maya civilization, Temples, Palaces, Chiapas, Jungle, Mystical ambiance','https://res.klook.com/images/fl_lossy.progressive,q_65/c_fill,w_1280,h_853/w_79,x_14,y_14,g_south_west,l_Klook_water_br_trans_yhcmh3/activities/olr38xdasdwwvpnxtpgn/V%C3%A9Mi%E1%BB%85nX%E1%BA%BFpH%C3%A0ngV%C3%A0oC%E1%BB%ADaPalenque.jpg');
/*!40000 ALTER TABLE `destination` ENABLE KEYS */;
UNLOCK TABLES;

--
-- Table structure for table `payment`
--

DROP TABLE IF EXISTS `payment`;
/*!40101 SET @saved_cs_client     = @@character_set_client */;
/*!50503 SET character_set_client = utf8mb4 */;
CREATE TABLE `payment` (
  `id` int NOT NULL AUTO_INCREMENT,
  `user_id` int NOT NULL,
  `tour_id` int NOT NULL,
  `payDate` datetime NOT NULL,
  `amount` double NOT NULL,
  `currency` varchar(255) DEFAULT 'USD',
  PRIMARY KEY (`id`),
  KEY `user_id` (`user_id`)
) ENGINE=InnoDB DEFAULT CHARSET=utf8mb4 COLLATE=utf8mb4_0900_ai_ci;
/*!40101 SET character_set_client = @saved_cs_client */;

--
-- Dumping data for table `payment`
--

LOCK TABLES `payment` WRITE;
/*!40000 ALTER TABLE `payment` DISABLE KEYS */;
/*!40000 ALTER TABLE `payment` ENABLE KEYS */;
UNLOCK TABLES;

--
-- Table structure for table `restaurant`
--

DROP TABLE IF EXISTS `restaurant`;
/*!40101 SET @saved_cs_client     = @@character_set_client */;
/*!50503 SET character_set_client = utf8mb4 */;
CREATE TABLE `restaurant` (
  `id` int NOT NULL AUTO_INCREMENT,
  `name` varchar(255) NOT NULL,
  `destId` int NOT NULL,
  `address` varchar(255) NOT NULL,
  `telephone` varchar(255) NOT NULL,
  `description` text NOT NULL,
  `additionInfo` varchar(255) NOT NULL,
  `demoImage` text,
  PRIMARY KEY (`id`),
  KEY `destId` (`destId`)
) ENGINE=InnoDB AUTO_INCREMENT=10 DEFAULT CHARSET=utf8mb4 COLLATE=utf8mb4_0900_ai_ci;
/*!40101 SET character_set_client = @saved_cs_client */;

--
-- Dumping data for table `restaurant`
--

LOCK TABLES `restaurant` WRITE;
/*!40000 ALTER TABLE `restaurant` DISABLE KEYS */;
INSERT INTO `restaurant` VALUES (1,'LES PHILOSOPHES',1,'28 rue Vieille du Temple Paris, 75 75004','+33 1 48 87 49 64','Les Philosophes is a cafe and brasserie with classic French cuisine and a few global influences on the menu. Our server here was super enthusiastic and friendly and made sure we had a great time! To start, we had the French onion soup, a savory, umami beef broth with caramelized onions, topped with croutons with melted Comte cheese on top. For our mains, the Les Philosophes salad came with lots of mixed vegetables (lettuce, greens, radicchio, endive, carrots, cucumber, tomatoes, olives, radishes, watermelon, avocado), slices of smoked duck breast, Pata Negra Bellota ham, and toasted sourdough bread topped with generous rounds of creamy goat cheese. The Grilled Wild Cod Fillet was served over white rice and vegetables and was on the bland side, but came with a super flavor coconut milk curry sauce.','Soup, Chips & Meat','https://s3-media0.fl.yelpcdn.com/bphoto/_hi1FXoi-Hz8Wf4m9BnKSQ/o.jpg,\n    https://s3-media0.fl.yelpcdn.com/bphoto/_CSLDlGU_7L8YkDMPmcUMw/o.jpg,\n    https://s3-media0.fl.yelpcdn.com/bphoto/ZFDRcmgjKcxz8qSmYOiCAA/o.jpg,\n    https://s3-media0.fl.yelpcdn.com/bphoto/UnBVdVNRte25GM0mio6vIQ/o.jpg,\n    https://s3-media0.fl.yelpcdn.com/bphoto/IxKvSheQyom-XDuyjhWOow/o.jpg,\n    https://s3-media0.fl.yelpcdn.com/bphoto/ataoTKfISLKGMCxA8296Zw/o.jpg,\n    https://s3-media0.fl.yelpcdn.com/bphoto/vVbgZY7TlO_mwDeEusgneA/o.jpg'),(2,'BEST BAGEL & COFFEE',6,'225 W 35th St New York, NY 10001','(212) 564-4409','Fresh hand rolled bagels with variety of cream cheeses. Breakfast and lunch sandwiches, egg\nplatters, fresh salads, home made soups, premium coffee and drinks. We also do breakfast and\nlunch catering. All baking done on premises.','Bagels, Coffee & Tea, Breakfast & Brunch','https://s3-media0.fl.yelpcdn.com/bphoto/Fl5qM-cluwUYcjP6KJ3AZQ/o.jpg,\nhttps://s3-media0.fl.yelpcdn.com/bphoto/lxVsSydmg8H4IS8PlhHGIQ/o.jpg,\nhttps://s3-media0.fl.yelpcdn.com/bphoto/lc5DYYBFkIUQJjW_YHAZ5A/o.jpg,\nhttps://s3-media0.fl.yelpcdn.com/bphoto/Unibz9-p8grP0GR5ZacUWQ/o.jpg,\nhttps://s3-media0.fl.yelpcdn.com/bphoto/G3l57K4Gexd4RXtaFXuPEw/o.jpg,\nhttps://s3-media0.fl.yelpcdn.com/bphoto/Qb5oW7k4cKrLpC6EGajShw/o.jpg,\nhttps://s3-media0.fl.yelpcdn.com/bphoto/aCrNRtcrdRAjZ4ckwLTZjg/o.jpg,'),(3,'FUJINOMIYA YAKISOBA GAKKAI',12,'宮町4-23 Fujinomiya, 22 418-0067','+81 544-22-5341','Experience the authentic flavors of Fujinomiya at FUJINOMIYA YAKISOBA GAKKAI. Our culinary artisans craft traditional yakisoba dishes with precision and passion. Nestled in the heart of 宮町4-23, our restaurant invites you to savor the rich aroma and delightful taste of Japanese yakisoba','Soba, Comfort Food','https://s3-media0.fl.yelpcdn.com/bphoto/mQpQBsCGypoZInmLwiW8PQ/o.jpg,\nhttps://s3-media0.fl.yelpcdn.com/bphoto/b2W3O7_NXOb4S2qx0CW3LA/o.jpg,\nhttps://s3-media0.fl.yelpcdn.com/bphoto/qN84PlnawNGwWHUrIdubUQ/o.jpg,\nhttps://s3-media0.fl.yelpcdn.com/bphoto/3BGyXWsm5c8DZZ_kfRLJzQ/o.jpg,\nhttps://s3-media0.fl.yelpcdn.com/bphoto/yvjxd90XYHIRaUTp3ItlnA/o.jpg,\nhttps://s3-media0.fl.yelpcdn.com/bphoto/s2K7insGkqFP3Tiadoksvg/o.jpg,\nhttps://s3-media0.fl.yelpcdn.com/bphoto/Ni5qbFBNuC6pab1lVJhtNg/o.jpg'),(4,'KULATA ACADEMY CAFE',18,'127 Yulara Dr Yulara, NT 0872','+61 2 8296 8010','Cozy cafe with a diverse menu offering aromatic coffees, artisanal teas, delectable pastries, and savory delights. A warm and welcoming ambiance makes it a perfect spot for both solitude and social gatherings.','Coffee & Tea, Autralian','https://s3-media0.fl.yelpcdn.com/bphoto/U5BBq38FMkTAw-_9g07-aQ/o.jpg,\nhttps://s3-media0.fl.yelpcdn.com/bphoto/wK1yfUpuFpT-yIO20enJkQ/o.jpg,\nhttps://s3-media0.fl.yelpcdn.com/bphoto/gb16WhK34N7SFG15ApFU1g/o.jpg,\nhttps://s3-media0.fl.yelpcdn.com/bphoto/NlE_MFM6NVu4bkOTFT9p6A/o.jpg,\nhttps://s3-media0.fl.yelpcdn.com/bphoto/kXOESoNwdzs9mZ0RTWC7yg/o.jpg,\nhttps://s3-media0.fl.yelpcdn.com/bphoto/24M6Lzy34r44Pa4kwqQk7g/o.jpg,\nhttps://s3-media0.fl.yelpcdn.com/bphoto/DINa7ZRyCN-0_mkm4GeuHw/o.jpg,\nhttps://s3-media0.fl.yelpcdn.com/bphoto/lF4lm3nxggwNpvfe5B4xNg/o.jpg,\nhttps://s3-media0.fl.yelpcdn.com/bphoto/ctFCx4cwy1ImSNVxVow_Ww/o.jpg,\nhttps://s3-media0.fl.yelpcdn.com/bphoto/kHsgYUnGlehGDawvU72GmQ/o.jpg'),(5,'ROMANTICA',23,'Av. Hipólito Yrigoyen s/n Puerto Iguazú, N 3370','+54 3757 42-0600','Experience a romantic culinary journey at ROMANTICA. Nestled along Av. Hipólito Yrigoyen in Puerto Iguazú, our restaurant offers an intimate setting for unforgettable moments. Indulge in a menu curated for romance, featuring exquisite dishes and a selection of fine wines. With 3 glowing reviews, ROMANTICA is a destination where love and gastronomy come together. View our profile to discover more about our enchanting ambiance and culinary offerings.','Argentine','https://s3-media0.fl.yelpcdn.com/bphoto/TJzgWf_nfBxtHhH1q7uLYw/o.jpg,\nhttps://s3-media0.fl.yelpcdn.com/bphoto/zkGM2fvvpTqsCk_01ZsPHA/o.jpg,\nhttps://s3-media0.fl.yelpcdn.com/bphoto/t0s6R1WsyeOK2ykfelHWeg/o.jpg,\nhttps://s3-media0.fl.yelpcdn.com/bphoto/17OrlxcWgXiIGNoXMzpxXA/o.jpg,\nhttps://s3-media0.fl.yelpcdn.com/bphoto/k-zEW3XAuRDyGnitQtU7Dg/o.jpg,\nhttps://s3-media0.fl.yelpcdn.com/bphoto/tIIfLosQBOoQgmyWmBwiqA/o.jpg,\nhttps://s3-media0.fl.yelpcdn.com/bphoto/tETjhPLcCT4Xi-WrfbY9Ig/o.jpg,\nhttps://s3-media0.fl.yelpcdn.com/bphoto/3dkVAXBY8vCygqbueViupA/o.jpg,\nhttps://s3-media0.fl.yelpcdn.com/bphoto/U5PJS8YcR9chn6lX67u6bQ/o.jpg'),(6,'BÜGEL FABRIQUE DE BAGELS',40,'164 rue Crémazie Ouest Quebec City, QC G1R 1X7','+1 418-523-7666','Savor the authentic taste of handcrafted bagels at BÜGEL FABRIQUE DE BAGELS. Located at 164 rue Crémazie Ouest in Quebec City, our bagel shop offers a delightful assortment of freshly baked bagels with a variety of delectable toppings and spreads. Join the community of bagel enthusiasts with 85 glowing reviews, celebrating the unique flavors and quality of BÜGEL FABRIQUE DE BAGELS. View our profile for a sneak peek into our bagel-making process and discover why we are a favorite among locals and visitors alike.','Breakfast & Brunch, Bagels','https://s3-media0.fl.yelpcdn.com/bphoto/qDvOlqUVzUZjhdy1bFFEyA/o.jpg,\nhttps://s3-media0.fl.yelpcdn.com/bphoto/oVXNkyp_s6EzQpCQoFTULQ/o.jpg,\nhttps://s3-media0.fl.yelpcdn.com/bphoto/wGY5eoSM9Uuocl7TUbUPKw/o.jpg,\nhttps://s3-media0.fl.yelpcdn.com/bphoto/xGSh3Vp6ytt4oXm1qrtBuw/o.jpg,\nhttps://s3-media0.fl.yelpcdn.com/bphoto/yjiMJZNoa7pc6PBr0iMhwA/o.jpg,\nhttps://s3-media0.fl.yelpcdn.com/bphoto/50AoJsCFHO2IKGr8VZqFVA/o.jpg,\nhttps://s3-media0.fl.yelpcdn.com/bphoto/q0Xme9bpNRUDW09SnrJAew/o.jpg,\nhttps://s3-media0.fl.yelpcdn.com/bphoto/wF2-mss81Uc9X2mlpT7DLw/o.jpg,\nhttps://s3-media0.fl.yelpcdn.com/bphoto/nCB-PhyjZUi63zUSfGhNkQ/o.jpg,\nhttps://s3-media0.fl.yelpcdn.com/bphoto/Jbntt3m6xJebw5hO9Q3bUw/o.jpg'),(7,'Li River Cuisine Restaurant',42,'No.1 Shanhu North Road, Guilin, China','+86 773 282 2881','Discover the culinary delights of Li River Cuisine Restaurant, a hidden gem nestled in the heart of Guilin. With a prime location at No.1 Shanhu North Road, our restaurant offers a fusion of Chinese and Asian flavors that captivate the senses.','Reservations, Seating, Serves Alcohol, Table Service','https://img.restaurantguru.com/r7d0-Li-River-meat-2022-11-2.jpg,\n    https://img.restaurantguru.com/r789-meat-Li-River-2022-11-5.jpg,\n    https://img.restaurantguru.com/re55-meat-Li-River-2022-11-1.jpg,\n    https://img.restaurantguru.com/rfe4-Li-River-meat-2022-11-5.jpg,\n    https://img.restaurantguru.com/r4cb-Li-River-meat-2022-11.jpg,\n    https://img.restaurantguru.com/rc56-meat-Li-River-2022-11.jpg,\n    https://img.restaurantguru.com/r36e-seafood-Hongkong-2021-09.jpg'),(8,'TUNA AZUL',49,'Calle Francisca Rodriguez 155 Puerto Vallarta, JAL 48380','+52 322 178 0657','Discover the ocean s bounty at TUNA AZUL, an exquisite seafood destination located on Calle Francisca Rodriguez in Puerto Vallarta. With a dedication to culinary excellence, our restaurant invites you to indulge in a seafood experience like no other.','Seafood, Mexican','https://s3-media0.fl.yelpcdn.com/bphoto/2TwMwrrGWAVbzlFUMCAP1w/o.jpg,\nhttps://s3-media0.fl.yelpcdn.com/bphoto/pNyxmlZ9kXtPkmq5nLcu5g/o.jpg,\nhttps://s3-media0.fl.yelpcdn.com/bphoto/g62RvhbMR4Pfy4Bux8rYJQ/o.jpg,\nhttps://s3-media0.fl.yelpcdn.com/bphoto/HsjEfHd_hebNswkwM7gURQ/o.jpg,\nhttps://s3-media0.fl.yelpcdn.com/bphoto/q9Uou3alyq4wOHauKwFdzQ/o.jpg,\nhttps://s3-media0.fl.yelpcdn.com/bphoto/wOSPPoesKFUKtZnA2TYEBA/o.jpg,\nhttps://s3-media0.fl.yelpcdn.com/bphoto/pQ6ielsiyBkriRp480pDdA/o.jpg,\nhttps://s3-media0.fl.yelpcdn.com/bphoto/vy-WxvNX_Utali8PgcgYeQ/o.jpg,\nhttps://s3-media0.fl.yelpcdn.com/bphoto/kRi_5rAj2mWlqLph5UIsUA/o.jpg,\nhttps://s3-media0.fl.yelpcdn.com/bphoto/4Fnw9mTLeA7ccVe6HvQN9g/o.jpg,\nhttps://s3-media0.fl.yelpcdn.com/bphoto/J8nSdHpKtFMAKHPs5MUeTA/o.jpg'),(9,'773 NORTH',37,'2749 Grand Island Blvd Grand Island, NY 14072','(716) 773-6678','Experience the flavors of Grand Island at 773 NORTH, a welcoming American restaurant located at 2749 Grand Island Blvd. Our commitment to exceptional dining is reflected in our diverse menu, offering something for everyone.','New American, Bars, Breakfast & Lunch','https://s3-media0.fl.yelpcdn.com/bphoto/JvrOV3OXVz3cw1TfBR77yg/o.jpg,\nhttps://s3-media0.fl.yelpcdn.com/bphoto/0PfNotFk5LN144WL7yQ-TA/o.jpg,\nhttps://s3-media0.fl.yelpcdn.com/bphoto/d8xlY9B5REFOYap41CN2Zw/o.jpg,\nhttps://s3-media0.fl.yelpcdn.com/bphoto/z0MVdIF37dY5mroNiaMDFA/o.jpg,\nhttps://s3-media0.fl.yelpcdn.com/bphoto/bpwtlvToHwg-s-bPO8ik7A/o.jpg,\nhttps://s3-media0.fl.yelpcdn.com/bphoto/DuuuwaV_H0BlM30C-tHKaw/o.jpg,\nhttps://s3-media0.fl.yelpcdn.com/bphoto/KQdCsUELZS6YC1np-pc6Xg/o.jpg,\nhttps://s3-media0.fl.yelpcdn.com/bphoto/DGbaPwHQYueVBABY8EI1Fg/o.jpg,\nhttps://s3-media0.fl.yelpcdn.com/bphoto/vWr5YfMCvTZrBs1ThdjUNQ/o.jpg,\nhttps://s3-media0.fl.yelpcdn.com/bphoto/BuN3zPBi33IPQLW0n-YoOQ/o.jpg,\nhttps://s3-media0.fl.yelpcdn.com/bphoto/dETknOThsov3qoJh0lkc1g/o.jpg');
/*!40000 ALTER TABLE `restaurant` ENABLE KEYS */;
UNLOCK TABLES;

--
-- Table structure for table `tour`
--

DROP TABLE IF EXISTS `tour`;
/*!40101 SET @saved_cs_client     = @@character_set_client */;
/*!50503 SET character_set_client = utf8mb4 */;
CREATE TABLE `tour` (
  `id` int NOT NULL AUTO_INCREMENT,
  `title` varchar(255) NOT NULL,
  `description` text NOT NULL,
  `duration` int NOT NULL,
  `price` double NOT NULL,
  `priceCurrency` varchar(255) DEFAULT 'USD',
  `startDate` datetime NOT NULL,
  `endDate` datetime NOT NULL,
  `additionInfo` varchar(255) NOT NULL,
  `demoImage` varchar(255) NOT NULL,
  `voting` int NOT NULL,
  `type` varchar(255) DEFAULT NULL,
  PRIMARY KEY (`id`)
) ENGINE=InnoDB AUTO_INCREMENT=160 DEFAULT CHARSET=utf8mb4 COLLATE=utf8mb4_0900_ai_ci;
/*!40101 SET character_set_client = @saved_cs_client */;

--
-- Dumping data for table `tour`
--

LOCK TABLES `tour` WRITE;
/*!40000 ALTER TABLE `tour` DISABLE KEYS */;
INSERT INTO `tour` VALUES (1,'Paris & Louvre Exploration','Embark on an extraordinary journey to explore the mesmerizing beauty of Paris. Visit the iconic Louvre Museum, immerse yourself in the rich art and culture of the city, and indulge in the delightful flavors of authentic French cuisine. Discover the hidden gems of the City of Lights as you stroll along the charming streets and experience the romantic ambiance that envelops this enchanting destination. Uncover the history and elegance of Paris as you visit iconic landmarks, including the Eiffel Tower and Mont Saint-Michel, and create memories that will last a lifetime.',7,45,'USD','2023-11-01 00:00:00','2023-11-07 00:00:00','Art and culture, French cuisine, Paris landmarks, Louvre Museum, City exploration','https://res.klook.com/image/upload/Mobile/City/swox6wjsl5ndvkv5jvum.jpg',12000,'destination'),(2,'Magical Japan Adventure','Embark on a magical adventure in Japan, where dreams come to life. Experience the enchanting world of Tokyo Disneyland, marvel at the iconic Mount Fuji, and be mesmerized by the natural wonders that await you. Immerse yourself in the rich cultural heritage of Kyoto Temples and Osaka Castle, and witness the breathtaking beauty of Mount Fuji as it stands as a testament to Japan\'s natural magnificence. This journey is a perfect blend of fantasy, culture, and natural beauty that will leave you with unforgettable memories.',6,50.8,'USD','2023-11-10 00:00:00','2023-11-15 00:00:00','Disney magic, Natural beauty, Japanese culture, Fantasy adventure, Mount Fuji exploration','https://c4.wallpaperflare.com/wallpaper/611/69/87/japan-mountains-mount-fuji-asian-architecture-wallpaper-preview.jpg',18000,'destination'),(3,'Australian Wonders Expedition','Embark on an extraordinary journey to discover the wonders of Australia. Immerse yourself in the underwater beauty of the Great Barrier Reef, marvel at the architectural splendor of the Sydney Opera House, and explore the red desert landscapes of Uluru-Kata Tjuta National Park. This adventure is a perfect blend of natural beauty, architectural marvels, and the unique landscapes that define the Australian continent. From vibrant coral reefs to iconic landmarks, this tour offers a once-in-a-lifetime experience.',10,90.5,'USD','2023-11-20 00:00:00','2023-11-30 00:00:00','Underwater adventure, Architectural marvel, Red desert landscapes, Australian wonders, Sydney Opera House, Great Barrier Reef','https://images4.alphacoders.com/743/743533.jpg',32000,'destination'),(4,'Brazilian Marvels Tour','Experience the marvels of Brazil in an unforgettable journey. From the iconic Christ the Redeemer in Rio de Janeiro to the famous Copacabana Beach and the breathtaking Iguazu Falls, this tour is a blend of spiritual awe, beach paradise, and nature\'s spectacle. Immerse yourself in the vibrant culture of Brazil, explore the pulsating energy of Rio de Janeiro, and witness the power and beauty of one of the world\'s most spectacular waterfalls. This adventure will take you through the heart of Brazil, showcasing its diverse landscapes and cultural richness.',8,70.2,'USD','2023-12-01 00:00:00','2023-12-08 00:00:00','Spiritual awe, Beach paradise, Nature\'s spectacle, Brazilian marvels, Rio de Janeiro, Copacabana Beach, Iguazu Falls','https://upload.wikimedia.org/wikipedia/commons/6/62/Praia_de_Copacabana_-_Rio_de_Janeiro%2C_Brasil.jpg',25000,'destination'),(5,'South African Cultural Safari','Embark on a captivating journey through the diverse landscapes of South Africa. Experience the thrill of a wildlife safari in Kruger National Park, marvel at the stunning beauty of Table Mountain, and delve into the rich history of Apartheid with a visit to Robben Island. This cultural safari is a perfect blend of wildlife adventure, scenic landscapes, and historical exploration. From the majestic wildlife to the captivating stories of South Africa\'s past, this tour offers a comprehensive and unforgettable experience.',10,85.5,'USD','2023-12-10 00:00:00','2023-12-20 00:00:00','Wildlife safari, Scenic landscapes, Apartheid history, South African culture, Kruger National Park, Table Mountain, Robben Island','https://i.pinimg.com/originals/e4/07/75/e4077595145db3a264436a8cbc7e75e8.jpg',32000,'destination'),(6,'American Wonders Expedition','Embark on a journey to explore the iconic landmarks of the United States. From the historic Statue of Liberty to the natural wonders of the Grand Canyon and Yellowstone Falls, this expedition is a celebration of American history and natural beauty. Immerse yourself in the stories of the past at historical landmarks, be awestruck by the grandeur of the Grand Canyon, and witness the spectacular Yellowstone Falls. This adventure is a tribute to the diversity and beauty of the United States, from coast to coast.',9,75,'USD','2024-01-05 00:00:00','2024-01-14 00:00:00','Historical landmarks, Natural wonders, American history, Statue of Liberty, Grand Canyon, Yellowstone Falls','https://cloudfront-us-east-1.images.arcpublishing.com/advancelocal/VKFZOBUTVNFNVBUKSS77AKAKTI.JPEG',28000,'destination'),(7,'Historical Japan Triangle','Immerse yourself in the historical richness of Japan with a tour that explores the cultural heritage of Kyoto Temples, the majestic beauty of Osaka Castle, and the iconic presence of Mount Fuji. This triangle of historical wonders invites you to step back in time as you wander through centuries-old temples, marvel at the architectural brilliance of Osaka Castle, and witness the breathtaking beauty of Mount Fuji. This journey is a perfect blend of cultural exploration, architectural marvels, and the natural splendor that defines Japan.',8,70.9,'USD','2024-01-15 00:00:00','2024-01-22 00:00:00','Cultural heritage, Architectural marvels, Natural beauty, Japanese history, Kyoto Temples, Osaka Castle, Mount Fuji','https://w0.peakpx.com/wallpaper/898/965/HD-wallpaper-kyoto-japan-temple-city-buildings-houses.jpg',38000,'destination'),(8,'Australian Coastal Trio','Embark on a coastal adventure in Australia with a trio of experiences that showcase the beauty of the coastline. Drive along the stunning Great Ocean Road, relax on the iconic Bondi Beach, and explore the architectural marvel of the Sydney Opera House. This coastal trio is a perfect blend of scenic drives, beach vibes, and architectural wonders. From the rugged cliffs of the Great Ocean Road to the golden sands of Bondi Beach, this tour captures the essence of Australia\'s coastal charm.',9,80.2,'USD','2024-02-01 00:00:00','2024-02-10 00:00:00','Coastal drive, Beach vibes, Architectural marvel, Australian coast, Great Ocean Road, Bondi Beach, Sydney Opera House','https://pixelz.cc/wp-content/uploads/2016/11/great-ocean-road-victoria-australia-4k-wallpaper.jpg',42000,'destination'),(9,'Brazilian Nature Trilogy','Explore the natural wonders and cultural marvels of Brazil with this immersive tour. From the awe-inspiring Iguazu Falls and the breathtaking Amazon Rainforest to the unique Pantanal Wetlands and the vibrant Carnival in Rio, this trilogy of experiences offers a comprehensive journey through the diverse landscapes and rich traditions of Brazil. Immerse yourself in the spectacle of nature, encounter unique wildlife, and participate in the energy of one of the world\'s most famous carnivals.',12,110,'USD','2024-02-15 00:00:00','2024-02-27 00:00:00','Nature\'s spectacle, Wildlife exploration, Cultural extravaganza, Brazil, Iguazu Falls, Amazon Rainforest, Pantanal Wetlands, Rio Carnival','https://southjets.com/wp-content/uploads/2019/02/Carnaval-en-Rio-de-Janeiro-la-fiesta-de-carnaval-mas-grande-del-mundo.jpg',50000,'destination'),(10,'World Wonders Adventure','Embark on a global adventure to witness the wonders of the world. From the iconic Statue of Liberty to the Sydney Opera House, the scenic beauty of the Great Ocean Road, and the red desert landscapes of Uluru-Kata Tjuta National Park, this expedition is a journey to some of the planet\'s most renowned landmarks. Immerse yourself in the cultural richness, marvel at architectural marvels, and traverse diverse landscapes that define the beauty of our world.',15,140,'USD','2024-03-01 00:00:00','2024-03-15 00:00:00','Global landmarks, Scenic drive, Red desert landscapes, World wonders, Statue of Liberty, Sydney Opera House, Great Ocean Road, Uluru-Kata Tjuta National Park','https://www.mcall.com/wp-content/uploads/migration/2014/01/28/YRLPPE2YHVESVJRTW4CXUJ44UQ.jpg?w=1024',75000,'destination'),(11,'Japan Delights','Experience the magic of Japan with a delightful journey that combines the enchantment of Tokyo Disneyland and the historical richness of Kyoto Temples. Immerse yourself in the whimsical world of Disney magic, explore centuries-old temples, and enjoy the scenic beauty of Mount Fuji. This tour offers a perfect blend of fantasy, cultural heritage, and natural beauty, making it an unforgettable adventure in the Land of the Rising Sun.',6,55,'USD','2024-03-20 00:00:00','2024-03-25 00:00:00','Disney magic, Cultural heritage, Natural beauty, Japan, Tokyo Disneyland, Kyoto Temples, Mount Fuji','https://w0.peakpx.com/wallpaper/898/965/HD-wallpaper-kyoto-japan-temple-city-buildings-houses.jpg',15000,'destination'),(12,'Australian Coastal Bliss','Discover the coastal bliss of Australia with this relaxing tour. From the iconic Bondi Beach to snorkeling in the Great Barrier Reef and exploring the architectural marvel of the Sydney Opera House, this coastal retreat offers a perfect blend of beach vibes, underwater adventure, and architectural wonders. Relax on sandy shores, dive into the vibrant underwater world, and marvel at the iconic structures that define the beauty of Australia\'s coastline.',8,75,'USD','2024-03-28 00:00:00','2024-04-04 00:00:00','Beach vibes, Underwater adventure, Architectural marvel, Australian coast, Bondi Beach, Great Barrier Reef, Sydney Opera House','https://c0.wallpaperflare.com/preview/252/37/114/australia-bondi-beach-bondi-icebergs-pool-pool.jpg',22000,'destination'),(13,'American Natural Wonders','Embark on a global adventure with this world wonders tour. Journey to iconic landmarks, from the Statue of Liberty to the Sydney Opera House, the Great Ocean Road, and Uluru-Kata Tjuta National Park. Immerse yourself in global landmarks, scenic drives, and the unique red desert landscapes of Australia. This tour offers a comprehensive exploration of some of the world\'s most famous and breathtaking attractions.',7,65,'USD','2024-04-10 00:00:00','2024-04-16 00:00:00','Global landmarks, Scenic drives, Red desert landscapes, World wonders, Statue of Liberty, Sydney Opera House, Great Ocean Road, Uluru-Kata Tjuta National Park','https://c4.wallpaperflare.com/wallpaper/824/450/363/yellowstone-falls-wallpaper-preview.jpg',18000,'destination'),(14,'Brazilian Wilderness Adventure','Embark on a journey through the heart of Brazil with this wilderness adventure. Explore the Amazon Rainforest, witness the awe-inspiring Iguazu Falls, and experience the unique Pantanal Wetlands. Immerse yourself in wildlife exploration, nature\'s spectacle, and the diverse ecosystems that define the beauty of Brazil. This tour offers a comprehensive adventure through the natural wonders of one of the world\'s most biodiverse countries.',12,110,'USD','2024-04-20 00:00:00','2024-05-01 00:00:00','Wildlife exploration, Nature\'s spectacle, Wetland adventure, Brazil, Amazon Rainforest, Iguazu Falls, Pantanal Wetlands','https://w0.peakpx.com/wallpaper/447/579/HD-wallpaper-iguazu-falls-waterfall-nature-iguazu-other.jpg',28000,'destination'),(15,'French Elegance','Embark on an unforgettable journey with our French Elegance tour and immerse yourself in the timeless beauty of Paris. Explore the iconic Champs-Élysées, where fashion meets grandeur. Ascend the world-renowned Eiffel Tower for panoramic views of the city, and discover the enchanting Mont Saint-Michel, a testament to historical charm. This experience is a celebration of the City of Love, an encounter with architectural marvels, and a walk through the pages of history.',8,80,'USD','2024-05-05 00:00:00','2024-05-12 00:00:00','City of Love, Architectural marvel, Historical charm, Paris, Champs-Élysées, Eiffel Tower, Mont Saint-Michel','https://en.chateauversailles.fr/sites/default/files/c3_1.jpg',32000,'destination'),(16,'Australian Coastal Retreat','Explore the architectural marvel of the Sydney Opera House and embark on a scenic drive along the Great Ocean Road with this coastal retreat tour. Immerse yourself in the beauty of architectural wonders and scenic drives, experiencing the best of Australia\'s coastal landscapes. This tour offers a perfect blend of cultural exploration and natural beauty.',6,60,'USD','2024-05-15 00:00:00','2024-05-20 00:00:00','Architectural marvel, Scenic drives, Australia, Sydney Opera House, Great Ocean Road','https://images4.alphacoders.com/743/743533.jpg',15000,'destination'),(17,'Japan Magical Trio','Experience the magic of Japan with this delightful tour. Immerse yourself in the enchantment of Tokyo Disneyland and explore the historical richness of Kyoto Temples. This tour offers a perfect blend of Disney magic and cultural heritage, providing a unique and memorable experience in the land of the rising sun.',8,70,'USD','2024-05-25 00:00:00','2024-06-01 00:00:00','Disney magic, Cultural heritage, Japan, Tokyo Disneyland, Kyoto Temples','https://wallpapers.com/images/hd/animated-disney-castle-has6vy47k75d0bzs.jpg',25000,'destination'),(18,'Rio Carnival Extravaganza','Explore the wonders of Rio de Janeiro with this extravagant tour. Marvel at the beauty of Christ the Redeemer, relax on the famous Copacabana Beach, and immerse yourself in the vibrant Carnival in Rio. Experience spiritual awe, beach paradise, and cultural extravaganza all in one tour. This journey offers a comprehensive exploration of the diverse marvels that make Rio de Janeiro a unique and captivating destination.',10,95,'USD','2024-06-05 00:00:00','2024-06-15 00:00:00','Spiritual awe, Beach paradise, Cultural extravaganza, Rio de Janeiro, Christ the Redeemer, Copacabana Beach, Rio Carnival','https://c4.wallpaperflare.com/wallpaper/231/797/294/beach-brazil-copacabana-night-wallpaper-preview.jpg',42000,'destination'),(19,'South African Discovery','Embark on a discovery of South Africa\'s rich landscapes and history with this immersive tour. Visit Table Mountain, go on a safari in Kruger National Park, explore the historic Robben Island, and marvel at the stunning Blyde River Canyon. This tour offers a perfect blend of scenic landscapes, wildlife safari, and historical landmarks, providing a comprehensive experience of South Africa\'s natural and cultural wonders.',12,110,'USD','2024-06-20 00:00:00','2024-07-01 00:00:00','Scenic landscapes, Wildlife safari, Historical landmarks, South Africa, Table Mountain, Kruger National Park, Robben Island, Blyde River Canyon','https://www.tripsavvy.com/thmb/ln-rgtbLb72dcvBq5Ue1Udtec2s=/2120x1414/filters:no_upscale():max_bytes(150000):strip_icc()/GettyImages-542084791-5a5c7d56e258f800373c1acf.jpg',50000,'destination'),(20,'Brazilian Nature & Culture','Witness the natural wonders of Brazil with this trilogy tour. Visit the awe-inspiring Iguazu Falls, journey into the breathtaking Amazon Rainforest, and explore the unique Pantanal Wetlands. Immerse yourself in nature\'s spectacle, wildlife exploration, and wetland adventure. This tour offers a comprehensive experience of Brazil\'s diverse ecosystems and the stunning beauty of its natural landscapes.',15,140,'USD','2024-07-05 00:00:00','2024-07-20 00:00:00','Nature\'s spectacle, Wildlife exploration, Wetland adventure, Brazil, Iguazu Falls, Amazon Rainforest, Pantanal Wetlands','https://www.andbeyond.com/wp-content/uploads/sites/5/Amazon-Rain-Forest.jpg',75000,'destination'),(21,'Parisian Elegance','Indulge in the elegance of Paris with this sophisticated tour. Stroll along the iconic Champs-Élysées, explore the renowned Musée d\'Orsay, and experience the epitome of Parisian elegance. Immerse yourself in the City of Lights, surrounded by art, culture, and historical charm. This tour is a perfect blend of romantic ambiance and architectural marvels, offering a unique perspective on the beauty of Paris.',6,55,'USD','2024-07-25 00:00:00','2024-07-30 00:00:00','City of Lights, Art and culture, Paris, Champs-Élysées, Musée d\'Orsay, Romantic atmosphere, Architectural marvels','https://cdn.britannica.com/01/150801-050-3072D42F/Louvre-Museum-pyramid-Paris-Pei-IM.jpg',16000,'destination'),(22,'Gothic Marvels of Paris','Admire the Gothic marvels of Paris with this captivating tour. Explore the stunning architecture of Sainte-Chapelle and Notre-Dame Cathedral, two masterpieces of Gothic art in the heart of Paris. Discover the historical significance and architectural gems that define the beauty of these landmarks. This tour is a journey through time, offering a glimpse into the rich history and artistry of Gothic Paris.',5,50,'USD','2024-08-01 00:00:00','2024-08-05 00:00:00','Architectural gems, Historical landmarks, Paris, Gothic art, Sainte-Chapelle, Notre-Dame Cathedral','https://blushrougette.com/wp-content/uploads/2021/07/sacre-coeur-basilica-paris.jpg',12000,'destination'),(23,'Romantic Paris Nights','Embark on a romantic journey through the enchanting nights of Paris. Indulge in a romantic Seine River cruise and enjoy a mesmerizing night tour of the Eiffel Tower. Experience the city lights and the romantic atmosphere that make Paris truly magical at night. This tour is a perfect blend of romance, elegance, and the captivating beauty of Paris after sunset.',4,40,'USD','2024-08-10 00:00:00','2024-08-13 00:00:00','City lights, Romantic atmosphere, Paris, Seine River cruise, Eiffel Tower, Night tour','https://media2.tokyodisneyresort.jp/home/common/og_image.jpg',8000,'destination'),(24,'Enchanting India Exploration','Embark on an enchanting journey through the diverse landscapes and cultural wonders of India. Explore the iconic Taj Mahal in Agra, discover the vibrant markets of Delhi, and experience the spiritual ambiance along the Ganges in Varanasi. From the historical heritage to the bustling modern cities, this tour captures the essence of India.',12,1200,'USD','2023-12-01 00:00:00','2023-12-12 00:00:00','Rich cultural heritage, Iconic landmarks, Spiritual experiences, Vibrant markets, Historical wonders, Taj Mahal, Ganges River','https://imagescdn.pystravel.vn/uploads/posts/avatar/1644316230.jpg',45000,'destination'),(25,'Spirit of Rajasthan Adventure','Discover the vibrant colors and rich history of Rajasthan, India\'s \"Land of Kings.\" From the majestic forts of Jaipur to the serene lakes of Udaipur, this tour immerses you in the royal heritage and cultural richness of the region. Experience traditional Rajasthani cuisine, witness folk performances, and explore the architectural marvels that define this enchanting part of India.',10,950,'USD','2023-12-15 00:00:00','2023-12-24 00:00:00','Royal heritage, Vibrant culture, Majestic forts, Serene lakes, Traditional cuisine, Folk performances, Rajasthan','https://dynamic-media-cdn.tripadvisor.com/media/photo-o/13/96/8a/82/this-is-the-time-when.jpg?w=1200&h=1200&s=1',38000,'destination'),(26,'Ganges Odyssey Retreat','Embark on a serene retreat along the sacred Ganges River, exploring the spiritual heart of India. From the ghats of Varanasi to the ancient temples of Rishikesh, experience the tranquility and cultural richness that define the Ganges region. Engage in yoga sessions, witness the Ganga Aarti, and discover the spiritual legacy of this extraordinary journey.',8,800,'USD','2024-01-05 00:00:00','2024-01-12 00:00:00','Sacred Ganges River, Spiritual retreat, Ancient temples, Yoga sessions, Ganga Aarti, Varanasi, Rishikesh','https://www.tripsavvy.com/thmb/tJ6ruJDKISZf3tZn6jx__HeMUMY=/1500x0/filters:no_upscale():max_bytes(150000):strip_icc()/GettyImages-128253674-592156025f9b58f4c0d79bfd.jpg',28000,'destination'),(27,'Culinary Delights of India','Embark on a culinary journey through the flavors of India, exploring the diverse and mouthwatering cuisine. From the street food markets of Mumbai to the aromatic spice fields of Kerala, savor the unique tastes and textures that make Indian cuisine a global sensation. Immerse yourself in cooking classes, spice plantations, and the vibrant street food culture.',14,1500,'USD','2024-01-20 00:00:00','2024-02-02 00:00:00','Diverse cuisine, Culinary exploration, Street food markets, Spice plantations, Cooking classes, Mumbai, Kerala','https://www.tourmyindia.com/socialimg/haridwar-and-rishikesh-tour.webp',55000,'destination'),(28,'Canadian Rockies Adventure','Embark on a thrilling adventure through the majestic landscapes of the Canadian Rockies. From the breathtaking Banff National Park to the vibrant city life of Vancouver, experience the diverse beauty of Canada. Explore the turquoise waters of Lake Louise, hike through scenic trails, and embrace the outdoor spirit of the Great White North.',10,1300,'USD','2023-12-05 00:00:00','2023-12-15 00:00:00','Majestic landscapes, Canadian Rockies, Banff National Park, Vancouver, Lake Louise, Scenic trails, Outdoor adventure','https://media.cntraveler.com/photos/5bbe66816477eb358f143759/master/w_1600%2Cc_limit/Fairmont-Banff-Springs__2018_BSH-548.jpg',42000,'destination'),(29,'Whistler Winter Wonderland','Immerse yourself in the enchanting winter wonderland of Whistler, British Columbia. Known for its world-class ski slopes and charming village atmosphere, Whistler offers a perfect blend of adventure and relaxation. Enjoy exhilarating ski runs, explore the picturesque village, and indulge in the cozy apres-ski ambiance.',7,1100,'USD','2023-12-20 00:00:00','2023-12-27 00:00:00','Winter wonderland, Ski slopes, Whistler, British Columbia, Ski runs, Charming village, Apres-ski','https://upload.wikimedia.org/wikipedia/commons/a/ab/3Falls_Niagara.jpg',35000,'destination'),(30,'Eastern Canada Explorer','Discover the charm and history of Eastern Canada as you journey through cities like Toronto, Montreal, and Quebec City. Explore the iconic CN Tower, experience the multicultural atmosphere of Toronto, and stroll through the cobblestone streets of Old Quebec. This tour showcases the vibrant culture and diverse landscapes of Canada\'s eastern region.',14,1600,'USD','2024-01-10 00:00:00','2024-01-24 00:00:00','Eastern Canada, Toronto, Montreal, Quebec City, CN Tower, Multicultural atmosphere, Old Quebec','https://mountainwatch.travel/wp-content/uploads/2019/03/LargeThumbnails-ExteriorWinterBeaconSide-1024x585.jpg',48000,'destination'),(31,'Northern Lights Expedition','Embark on a magical journey to witness the breathtaking Northern Lights in the Yukon territory. Immerse yourself in the stunning natural landscapes, try your hand at dog sledding, and experience the unique culture of the indigenous communities. The Yukon offers an unforgettable adventure under the dancing colors of the Aurora Borealis.',8,1500,'USD','2024-02-05 00:00:00','2024-02-12 00:00:00','Northern Lights, Yukon territory, Dog sledding, Indigenous communities, Aurora Borealis, Natural landscapes','https://lp-cms-production.s3.amazonaws.com/public/2021-05/shutterstockRF_1027912921.jpg',55000,'destination'),(32,'China Highlights Expedition','Embark on a journey through the cultural and natural wonders of China. Explore the majestic Great Wall, wander through the historic Forbidden City in Beijing, and cruise along the picturesque Li River in Guilin. From the vibrant cities to the serene landscapes, this tour captures the essence of China\'s rich heritage.',12,1500,'USD','2023-12-10 00:00:00','2023-12-22 00:00:00','Great Wall, Forbidden City, Li River, Beijing, Guilin, Chinese heritage, Cultural wonders','https://travel.destinationcanada.com/_next/image?url=https%3A%2F%2Fadmin.destinationcanada.com%2Fsites%2Fdefault%2Ffiles%2F2023-06%2FQC-Chateau-Frontenac_hero.jpg&w=1920&q=75',52000,'destination'),(33,'Silk Road Expedition','Follow the ancient Silk Road and immerse yourself in the historical treasures of China. From the bustling markets of Xi\'an to the oasis cities along the Silk Road, experience the diverse cultures and landscapes that have shaped China\'s history. Visit the Terracotta Army, explore the Dunhuang Caves, and witness the blending of traditions in this unique journey.',14,1800,'USD','2024-01-05 00:00:00','2024-01-19 00:00:00','Silk Road, Xi\'an, Terracotta Army, Dunhuang Caves, Oasis cities, Chinese history, Cultural treasures','https://upload.wikimedia.org/wikipedia/commons/thumb/2/23/The_Great_Wall_of_China_at_Jinshanling-edit.jpg/1200px-The_Great_Wall_of_China_at_Jinshanling-edit.jpg',60000,'destination'),(34,'Yangtze River Cruise','Embark on a relaxing cruise along the scenic Yangtze River, discovering the beauty of China\'s landscapes and ancient cities. Sail through the Three Gorges, visit the historic city of Chongqing, and explore the cultural richness along the riverbanks. This cruise offers a tranquil journey through some of China\'s most iconic natural wonders.',10,1200,'USD','2024-02-01 00:00:00','2024-02-10 00:00:00','Yangtze River, Three Gorges, Chongqing, River cruise, Chinese landscapes, Ancient cities','https://upload.wikimedia.org/wikipedia/commons/c/c3/87318-Li-River.jpg',48000,'destination'),(35,'Modern China Discovery','Experience the modern marvels of China, from the futuristic skyline of Shanghai to the tech hub of Shenzhen. Explore the iconic Bund, visit the tech parks of Shenzhen, and witness the blend of tradition and innovation in Chinese society. This tour provides a glimpse into the contemporary face of China.',8,1000,'USD','2024-02-15 00:00:00','2024-02-22 00:00:00','Modern China, Shanghai, Shenzhen, Bund, Tech parks, Chinese innovation, Contemporary society','https://image.jimcdn.com/app/cms/image/transf/dimension=2080x10000:format=jpg/path/s2217cd0bb1220415/image/i924c52c240be26ee/version/1683854111/the-forbidden-city-beijing.jpg',38000,'destination'),(36,'Mexican Riviera Escape','Embark on a sun-soaked journey along the Mexican Riviera, exploring the beautiful beaches and vibrant cities. From the lively streets of Cancun to the historical charm of Puerto Vallarta, experience the rich culture, delicious cuisine, and stunning coastal landscapes. Relax on the sandy shores, explore Mayan ruins, and savor the flavors of authentic Mexican dishes.',7,900,'USD','2023-12-15 00:00:00','2023-12-22 00:00:00','Mexican Riviera, Cancun, Puerto Vallarta, Beaches, Mayan ruins, Authentic cuisine','https://upload.wikimedia.org/wikipedia/commons/5/51/Chichen_Itza_3.jpg',32000,'destination'),(37,'Cultural Tapestry of Mexico','Immerse yourself in the vibrant cultural tapestry of Mexico, from the bustling markets of Mexico City to the ancient pyramids of Teotihuacan. Explore the colonial charm of Oaxaca, witness traditional dance performances, and indulge in the diverse flavors of Mexican cuisine. This tour showcases the rich history and artistic legacy of Mexico.',10,1200,'USD','2024-01-05 00:00:00','2024-01-15 00:00:00','Cultural tapestry, Mexico City, Teotihuacan, Oaxaca, Traditional dance, Mexican cuisine, Artistic legacy','https://a.cdn-hotels.com/gdcs/production73/d1624/45ab7e53-4363-41f8-8783-78765ac502ee.jpg',42000,'destination'),(38,'Yucatan Peninsula Adventure','Explore the enchanting Yucatan Peninsula, home to ancient Mayan ruins, pristine cenotes, and vibrant cultural traditions. Visit the archaeological wonders of Chichen Itza, relax on the white sands of Tulum, and swim in crystal-clear cenotes. This adventure offers a perfect blend of history, nature, and relaxation in the heart of Mexico.',12,1500,'USD','2024-01-20 00:00:00','2024-02-01 00:00:00','Yucatan Peninsula, Chichen Itza, Tulum, Cenotes, Mayan ruins, Crystal-clear waters','https://upload.wikimedia.org/wikipedia/commons/thumb/a/ae/Cancun_aerial_photo_by_safa.jpg/1200px-Cancun_aerial_photo_by_safa.jpg',50000,'destination'),(39,'Baja California Coastal Retreat','Discover the natural beauty of Baja California, where the desert meets the sea. Explore the vibrant marine life in the Sea of Cortez, relax on the pristine beaches of Cabo San Lucas, and witness the breathtaking landscapes of the Baja Peninsula. This coastal retreat offers a serene escape into the wonders of the Mexican Pacific.',9,1100,'USD','2024-02-10 00:00:00','2024-02-19 00:00:00','Baja California, Sea of Cortez, Cabo San Lucas, Pristine beaches, Baja Peninsula, Marine life','https://cdn.aarp.net/content/dam/aarp/travel/international/2022/08/1140-puerto-vallarta.jpg',38000,'destination'),(40,'Family Beach Retreat','Escape to the sun-soaked beaches of Mexico for a memorable family vacation. Enjoy quality time with your loved ones as you build sandcastles, take a dip in the crystal-clear waters, and explore the family-friendly attractions of Cancun. This tour offers a perfect blend of relaxation and exciting activities for the whole family.',7,900,'USD','2023-12-15 00:00:00','2023-12-22 00:00:00','Family-friendly, Beach retreat, Cancun, Crystal-clear waters, Sandcastles, Memorable vacation','https://tulumtravelsecrets.com/wp-content/uploads/2023/05/family-visiting-Tulum-ruins.jpg',32000,'family'),(41,'Family Cultural Immersion','Embark on a cultural adventure through the heart of Mexico with your family. Explore the bustling markets of Mexico City, witness traditional dance performances, and discover the archaeological wonders of Teotihuacan. This tour is designed to create lasting family memories while immersing yourselves in the rich cultural tapestry of Mexico.',10,1200,'USD','2024-01-05 00:00:00','2024-01-15 00:00:00','Family-friendly, Cultural immersion, Mexico City, Teotihuacan, Traditional dance, Lasting memories','https://www.villapalmarcancun.com/blog/wp-content/uploads/2022/03/Is-Cancun-Good-for-a-Family-Vacation.jpg',42000,'family'),(42,'Family Adventure in Yucatan','Embark on an exciting family adventure in the enchanting Yucatan Peninsula. Explore the ancient Mayan ruins of Chichen Itza, relax on the white sands of Tulum, and swim in crystal-clear cenotes. This tour is perfect for families seeking a balance of history, nature, and relaxation in the heart of Mexico.',12,1500,'USD','2024-01-20 00:00:00','2024-02-01 00:00:00','Family-friendly, Yucatan Peninsula, Chichen Itza, Tulum, Cenotes, Ancient ruins','https://lp-cms-production.imgix.net/2021-06/Puerto%20Vallarta%20Family.jpg?auto=format&w=1440&h=810&fit=crop&q=75',50000,'family'),(43,'Family Coastal Getaway','Create wonderful family memories with a coastal getaway to Baja California. Explore the vibrant marine life in the Sea of Cortez, relax on the pristine beaches of Cabo San Lucas, and witness the breathtaking landscapes of the Baja Peninsula. This tour offers a perfect blend of family fun and the wonders of the Mexican Pacific.',9,1100,'USD','2024-02-10 00:00:00','2024-02-19 00:00:00','Family-friendly, Baja California, Sea of Cortez, Cabo San Lucas, Pristine beaches, Marine life','https://media.tacdn.com/media/attractions-splice-spp-674x446/09/2c/66/55.jpg',38000,'family'),(44,'Family Exploration of the Great Wall','Embark on an unforgettable family adventure along the iconic Great Wall of China. Discover the history and majesty of this ancient wonder, engage in family-friendly activities, and capture breathtaking views from the wall. This tour is designed to create lasting memories for families exploring the heart of China.',8,1300,'USD','2023-12-10 00:00:00','2023-12-18 00:00:00','Family-friendly, Great Wall, Ancient wonder, Family adventure, Breathtaking views','https://cdn.tourradar.com/s3/tour/1500x800/170139_64004ae88acff.jpg',45000,'family'),(45,'Family Discovery of Ancient Wonders','Take your family on a journey through the ancient wonders of China. Explore the historic Forbidden City, cruise along the picturesque Li River, and immerse yourselves in the cultural richness of Beijing and Guilin. This family-oriented tour is filled with exciting activities and educational experiences for all ages.',12,1600,'USD','2024-01-05 00:00:00','2024-01-16 00:00:00','Family-friendly, Forbidden City, Li River, Beijing, Guilin, Ancient wonders','https://media.chinaculturetour.com/uploads/20210527/a9315fed751d6bedc36a25d077a24dd3.jpg',50000,'family'),(46,'Family Yangtze River Adventure','Embark on a family-friendly adventure along the majestic Yangtze River. Cruise through the Three Gorges, visit the historic city of Chongqing, and engage in activities suitable for all generations. This tour offers a perfect blend of natural beauty, cultural experiences, and family bonding.',10,1400,'USD','2024-02-01 00:00:00','2024-02-10 00:00:00','Family-friendly, Yangtze River, Three Gorges, Chongqing, Family adventure, Cultural experiences','https://www.chinaeducationaltours.com/media/image/2020-09/16003147137122.jpg',55000,'family'),(47,'Family Modern Marvels in Shanghai','Explore the modern marvels of Shanghai with your family. Visit the iconic Bund, experience the futuristic skyline, and engage in family-friendly activities in this vibrant city. This tour is designed to showcase the blend of tradition and innovation while providing a memorable experience for the whole family.',6,1000,'USD','2024-02-15 00:00:00','2024-02-20 00:00:00','Family-friendly, Shanghai, Bund, Modern marvels, Family adventure, Futuristic skyline','https://www.chinaxiantour.com/media/2023/04/Huangshan-Tour-Guests.webp',30000,'family'),(48,'Canadian Rockies Family Adventure','Experience the breathtaking beauty of the Canadian Rockies with your family. Explore Banff and Jasper National Parks, cruise on Lake Louise, and enjoy family-friendly activities surrounded by stunning mountain landscapes. This tour is designed for families seeking an unforgettable adventure in the heart of Canada.',9,1200,'USD','2023-12-10 00:00:00','2023-12-18 00:00:00','Family-friendly, Canadian Rockies, Banff, Jasper, Lake Louise, Adventure for all ages','https://www.mydailydriver.fr/img/excursion/33/content/crop/paris-famille-2-5aba2177592ca.jpg',40000,'family'),(49,'Family Fun in Toronto and Niagara Falls','Create magical family memories in Toronto and Niagara Falls. Visit iconic landmarks, enjoy thrilling attractions, and witness the majestic beauty of Niagara Falls. This tour offers a perfect blend of family fun, entertainment, and exploration in two of Canada\'s most vibrant destinations.',7,900,'USD','2024-01-05 00:00:00','2024-01-11 00:00:00','Family-friendly, Toronto, Niagara Falls, Family fun, Entertainment, Landmarks','https://media.tacdn.com/media/attractions-splice-spp-674x446/06/6f/4a/84.jpg',30000,'family'),(50,'Family Maritime Adventure in Halifax','Embark on a maritime adventure with your family in Halifax. Explore historic sites, enjoy waterfront activities, and discover the charm of this coastal city. From family-friendly museums to scenic harbor cruises, this tour provides a delightful experience for all members of the family.',5,700,'USD','2024-02-01 00:00:00','2024-02-05 00:00:00','Family-friendly, Halifax, Maritime adventure, Waterfront activities, Historic sites','https://cpbtlatgfa.cloudimg.io/www.paristoversailles.com/wp-content/uploads/Hiddengems_Versailles.png',20000,'family'),(51,'Whistler Family Winter Wonderland','Experience the enchanting winter wonderland of Whistler with your family. Enjoy skiing, snowboarding, and a variety of winter activities suitable for all ages. This tour provides a perfect blend of adventure and relaxation in one of Canada\'s premier winter destinations.',7,1000,'USD','2024-02-15 00:00:00','2024-02-21 00:00:00','Family-friendly, Whistler, Winter wonderland, Skiing, Snowboarding, Family adventure','https://meet-thelocals.com/wp-content/uploads/2019/09/paris-for-kids-tour-montmartre-family-activity.jpg',35000,'family'),(52,'Family Heritage Journey in Delhi','Embark on a family-friendly heritage journey in Delhi. Explore historic monuments, visit vibrant markets, and immerse yourselves in the rich cultural tapestry of India\'s capital. This tour is designed for families seeking an educational and entertaining experience in the heart of India.',6,800,'USD','2023-12-10 00:00:00','2023-12-15 00:00:00','Family-friendly, Delhi, Heritage journey, Historic monuments, Cultural tapestry','https://lp-cms-production.imgix.net/2022-03/GettyImages-947401444.jpg?auto=format&w=1440&h=810&fit=crop&q=75',25000,'family'),(53,'Family Retreat in Jaipur','Experience a family retreat in the colorful city of Jaipur. Visit historic palaces, enjoy traditional Rajasthani cuisine, and participate in family-friendly activities. This tour offers a perfect blend of relaxation and exploration in the vibrant culture of Rajasthan.',8,1000,'USD','2024-01-05 00:00:00','2024-01-12 00:00:00','Family-friendly, Jaipur, Family retreat, Historic palaces, Rajasthani cuisine','https://res.klook.com/image/upload/c_fill,w_750,h_500/q_80/activities/imm3jirbdsp2tljshjbg.jpg',35000,'family'),(54,'Family Adventure in Rishikesh','Embark on an adventurous family journey to Rishikesh, the yoga capital of the world. Engage in thrilling activities, enjoy the serenity of the Ganges River, and explore the natural beauty of the Himalayan foothills. This tour offers a perfect blend of excitement and tranquility for the whole family.',5,700,'USD','2024-01-20 00:00:00','2024-01-25 00:00:00','Family-friendly, Rishikesh, Adventure, Ganges River, Himalayan foothills','https://img.sunset02.com/sites/default/files/styles/marquee_large_2x/public/image/2016/09/main/lower-yellowstone-falls.jpg',20000,'family'),(55,'Family Beach Escape in Goa','Enjoy a relaxing family beach escape in the picturesque beaches of Goa. Relax on sandy shores, indulge in Goan cuisine, and participate in family-friendly water activities. This tour provides a perfect blend of sun, sea, and family fun in one of India\'s most popular beach destinations.',7,900,'USD','2024-02-10 00:00:00','2024-02-16 00:00:00','Family-friendly, Goa, Beach escape, Goan cuisine, Water activities','https://www.americandreamtourmiami.com/image/catalog/Car-Tour-Gallery/Miami-Family-Tour.jpg',30000,'family'),(56,'Family Exploration of Paris','Embark on a family-friendly exploration of the enchanting city of Paris. Visit iconic landmarks such as the Eiffel Tower and Louvre, enjoy French cuisine, and participate in family-oriented activities. This tour is designed to create lasting memories for families in the heart of France.',7,1000,'USD','2023-12-10 00:00:00','2023-12-16 00:00:00','Family-friendly, Paris, Eiffel Tower, Louvre, French cuisine, Family exploration','https://cdn.tgdd.vn/Files/2021/07/09/1366855/diem-qua-10-dia-diem-du-lich-paris-dep-lang-man-nhat-khien-ban-me-man-202107091209527770.jpg',35000,'family'),(57,'Family Adventure in Provence','Experience the charm of Provence with your family. Explore picturesque villages, indulge in delicious local cuisine, and participate in family-friendly activities. This tour offers a perfect blend of relaxation and adventure in the beautiful region of Provence, France.',8,1200,'USD','2024-01-05 00:00:00','2024-01-12 00:00:00','Family-friendly, Provence, Adventure, Local cuisine, Family activities','https://static1.s123-cdn-static-a.com/uploads/3086630/2000_5e4be32d19237.jpg',40000,'family'),(58,'Family Vineyard Escape in Bordeaux','Embark on a family-friendly escape to the vineyards of Bordeaux. Discover the art of winemaking, explore historic chateaus, and enjoy the beautiful landscapes of the Bordeaux region. This tour is designed for families seeking a unique and educational experience in the world of French wine.',6,900,'USD','2024-02-01 00:00:00','2024-02-06 00:00:00','Family-friendly, Bordeaux, Vineyards, Winemaking, Educational experience','https://parisjetaime.com/data/layout_image/fr-FR/Chateau-de-Versailles-Galerie-des-Glaces-630x405-C-EPV-Thomas-GARNIER.jpg',30000,'family'),(59,'Family Coastal Retreat in Nice','Enjoy a relaxing coastal retreat in the beautiful city of Nice with your family. Explore the Promenade des Anglais, relax on the beaches of the French Riviera, and participate in family-oriented activities. This tour provides a perfect blend of sun, sea, and family fun in the South of France.',5,700,'USD','2024-02-15 00:00:00','2024-02-19 00:00:00','Family-friendly, Nice, Coastal retreat, French Riviera, Family activities','https://images.france.fr/zeaejvyq9bhj/2LeC9n2lzVmwHc3iHiIPKA/c6155cbce1882555d70c5de518e3f0f7/Paris_Montmartre.jpg',25000,'family'),(60,'Family Magic in Orlando','Experience the magic of Orlando with your family. Visit world-renowned theme parks, enjoy thrilling rides, and participate in family-friendly activities. This tour is designed for families seeking an enchanting adventure in the entertainment capital of the world.',7,1200,'USD','2023-12-10 00:00:00','2023-12-16 00:00:00','Family-friendly, Orlando, Theme parks, Thrilling rides, Enchanting adventure','https://www.grandcanyonplaza.com/resourcefiles/attractionsmallimages/grand-canyon-national-park-at-arizona-th.jpg?version=10162023055622',40000,'family'),(61,'Family Nature Escape in Yellowstone','Escape to the natural wonders of Yellowstone with your family. Explore geysers, witness wildlife, and enjoy outdoor adventures in one of America\'s most iconic national parks. This tour provides a perfect blend of nature, education, and family bonding.',8,1400,'USD','2024-01-05 00:00:00','2024-01-12 00:00:00','Family-friendly, Yellowstone, Nature escape, Wildlife, Outdoor adventures','https://krdo.b-cdn.net/2023/10/cnn-L19jb21wb25lbnRzL2ltYWdlL2luc3RhbmNlcy9jbG5tbzE4bGkwMDAxM2I2aTduYThjcXBh-L19wYWdlcy9jbG5tazF4NmcwMDAwMjZwMjhicjcyYTRy.jpg',45000,'family'),(62,'Family Beach Fun in Myrtle Beach','Enjoy sun, sand, and family fun in Myrtle Beach. Relax on the pristine beaches, experience thrilling water activities, and participate in family-oriented events. This tour is designed for families seeking a beach getaway with a mix of relaxation and excitement.',6,1000,'USD','2024-02-01 00:00:00','2024-02-06 00:00:00','Family-friendly, Myrtle Beach, Beach fun, Water activities, Family events','https://dynamic-media-cdn.tripadvisor.com/media/photo-o/0b/ad/ff/ce/second-view-of-upper.jpg?w=1200&h=-1&s=1',35000,'family'),(63,'Family Adventure in Grand Canyon','Embark on a family-friendly adventure in the awe-inspiring Grand Canyon. Hike the trails, marvel at the canyon views, and engage in educational activities suitable for all ages. This tour offers a perfect blend of natural wonders and family exploration.',5,800,'USD','2024-02-15 00:00:00','2024-02-19 00:00:00','Family-friendly, Grand Canyon, Adventure, Hiking, Educational activities','https://res.cloudinary.com/hello-tickets/image/upload/c_limit,f_auto,q_auto,w_1300/v1658148277/n1accck96dtjwyu8oino.jpg',30000,'family'),(64,'Family Adventure in Sydney','Embark on a family adventure in the vibrant city of Sydney. Explore iconic landmarks like the Sydney Opera House, enjoy family-friendly activities, and experience the beauty of Australia. This tour is designed for families seeking a memorable and enriching experience in the Land Down Under.',7,1100,'USD','2023-12-10 00:00:00','2023-12-16 00:00:00','Family-friendly, Sydney, Adventure, Opera House, Enriching experience','https://vietworldtravel.vn/wp-content/uploads/2022/03/tokyo-disneyland-a-scaled.jpg',38000,'family'),(65,'Family Reef Exploration in Great Barrier Reef','Discover the wonders of the Great Barrier Reef with your family. Snorkel among vibrant coral reefs, witness diverse marine life, and enjoy family-friendly activities in one of the world\'s most spectacular natural wonders. This tour offers a perfect blend of adventure and relaxation for families.',9,1500,'USD','2024-01-05 00:00:00','2024-01-13 00:00:00','Family-friendly, Great Barrier Reef, Reef exploration, Snorkeling, Marine life','https://exploreshizuoka.jp/wp-content/uploads/2022/04/Ryuganbuchi-scaled.jpg',50000,'family'),(66,'Family Outback Safari in Alice Springs','Experience the unique beauty of the Australian Outback with your family. Explore the rugged landscapes, encounter native wildlife, and engage in family-friendly activities in the heart of Australia. This tour provides a perfect blend of adventure and cultural immersion.',8,1300,'USD','2024-02-01 00:00:00','2024-02-08 00:00:00','Family-friendly, Alice Springs, Outback Safari, Wildlife, Cultural immersion','https://jw-webmagazine.com/wp-content/uploads/2017/10/Sanjusangendo-Temple.jpg',45000,'family'),(67,'Family Beach Retreat in Gold Coast','Enjoy a relaxing beach retreat in the stunning Gold Coast with your family. Relax on sandy shores, experience thrilling theme parks, and participate in family-friendly activities. This tour provides a perfect blend of sun, sea, and family fun in one of Australia\'s most popular beach destinations.',6,900,'USD','2024-02-15 00:00:00','2024-02-20 00:00:00','Family-friendly, Gold Coast, Beach retreat, Theme parks, Family fun','https://www.wendywutours.com.au/resource/upload/900/banner-osaka-castle.jpg',30000,'family'),(68,'Family Amazon Adventure','Embark on a family adventure in the Amazon Rainforest. Explore diverse ecosystems, encounter exotic wildlife, and engage in family-friendly activities in one of the world\'s most iconic natural wonders. This tour provides a perfect blend of adventure and environmental education for families.',8,1400,'USD','2023-12-10 00:00:00','2023-12-18 00:00:00','Family-friendly, Amazon Rainforest, Adventure, Wildlife, Environmental education','https://images.unsplash.com/photo-1514907283155-ea5f4094c70c?ixlib=rb-1.2.1&q=80&fm=jpg&crop=entropy&cs=tinysrgb&fit=max&ixid=eyJhcHBfaWQiOjExNzczfQ&w=1600',48000,'family'),(69,'Family Carnival Fiesta in Rio de Janeiro','Experience the vibrant energy of Rio de Janeiro\'s Carnival with your family. Witness colorful parades, dance to samba rhythms, and participate in family-friendly festivities. This tour offers a perfect blend of cultural immersion and festive celebration in Brazil.',6,1000,'USD','2024-01-05 00:00:00','2024-01-10 00:00:00','Family-friendly, Rio de Janeiro, Carnival, Samba rhythms, Festive celebration','https://files.wheeleasy.org/media/places/597ada5a422dee24ac4a5e40/wheeleasy-sydney-opera-house-2.webp',35000,'family'),(70,'Family Coastal Retreat in Salvador','Enjoy a relaxing coastal retreat in the vibrant city of Salvador. Explore historic sites, relax on sandy beaches, and participate in family-friendly activities. This tour provides a perfect blend of sun, sea, and cultural exploration for families.',5,800,'USD','2024-02-01 00:00:00','2024-02-05 00:00:00','Family-friendly, Salvador, Coastal retreat, Historic sites, Cultural exploration','https://image.kkday.com/v2/image/get/w_960%2Cc_fit%2Cq_55%2Ct_webp/s1.kkday.com/product_139795/20230226121719_wewu6/jpg',25000,'family'),(71,'Family Jungle Safari in Iguazu Falls','Embark on a family jungle safari near the breathtaking Iguazu Falls. Explore lush rainforests, marvel at the cascading waterfalls, and engage in family-friendly activities. This tour offers a perfect blend of adventure and natural wonders for families.',7,1200,'USD','2024-02-15 00:00:00','2024-02-21 00:00:00','Family-friendly, Iguazu Falls, Jungle safari, Waterfalls, Natural wonders','https://nudoanhnhan.net/wp-content/uploads/2019/02/NDN_the-great-ocean-road_3_3.jpg',40000,'family'),(72,'Family Safari in Kruger National Park','Embark on a family-friendly safari adventure in the renowned Kruger National Park. Witness the Big Five, explore diverse ecosystems, and engage in family-oriented activities. This tour offers a perfect blend of wildlife encounters and cultural experiences for families.',7,1200,'USD','2023-12-10 00:00:00','2023-12-16 00:00:00','Family-friendly, Kruger National Park, Safari, Wildlife encounters, Cultural experiences','https://richedwardsimagery.files.wordpress.com/2018/03/a-view-of-copacabana-beach-rio-de-janeiro-brazil-from-its-southern-terminus-looking-north-ipanema-beach-is-behind-us-to-the-south-around-the-corner.jpg',40000,'family'),(73,'Family Coastline Exploration in Cape Town','Explore the stunning coastline of Cape Town with your family. Visit iconic landmarks, relax on sandy beaches, and participate in family-friendly activities. This tour provides a perfect blend of cultural exploration and beachside relaxation for families.',8,1300,'USD','2024-01-05 00:00:00','2024-01-12 00:00:00','Family-friendly, Cape Town, Coastline exploration, Sandy beaches, Cultural exploration','https://content.api.news/v3/images/bin/fa137cb798e072f272f7c944f2a6006f',45000,'family'),(74,'Family Winelands Adventure in Stellenbosch','Experience a family-friendly adventure in the picturesque Winelands of Stellenbosch. Explore historic vineyards, indulge in delicious cuisine, and participate in family-oriented activities. This tour offers a perfect blend of relaxation and culinary exploration for families.',6,1000,'USD','2024-02-01 00:00:00','2024-02-06 00:00:00','Family-friendly, Stellenbosch, Winelands, Culinary exploration, Relaxation','https://media.wired.com/photos/63dd40bb84464089ca2fc6ab/master/pass/Sci-amazon-1322470077.jpg',35000,'family'),(75,'Family Adventure in Drakensberg Mountains','Embark on a family adventure in the breathtaking Drakensberg Mountains. Hike scenic trails, discover cultural heritage, and engage in family-friendly activities in the heart of South Africa. This tour provides a perfect blend of natural beauty and cultural immersion for families.',5,800,'USD','2024-02-15 00:00:00','2024-02-19 00:00:00','Family-friendly, Drakensberg Mountains, Adventure, Hiking, Cultural immersion','https://thumbs.dreamstime.com/z/family-plays-costumes-street-carnival-brazil-family-urban-carnival-rio-de-janeiro-134942505.jpg',30000,'family'),(76,'Family Amazon Adventure','Embark on a family adventure in the Amazon Rainforest. Explore diverse ecosystems, encounter exotic wildlife, and engage in family-friendly activities in one of the world\'s most iconic natural wonders. This tour provides a perfect blend of adventure and environmental education for families.',8,1400,'USD','2023-12-10 00:00:00','2023-12-18 00:00:00','Family-friendly, Amazon Rainforest, Adventure, Wildlife, Environmental education','https://theincidentaltourist.com/wp-content/uploads/2020/09/Table-Mountain.7.jpg',48000,'family'),(77,'Family Carnival Fiesta in Rio de Janeiro','Experience the vibrant energy of Rio de Janeiro\'s Carnival with your family. Witness colorful parades, dance to samba rhythms, and participate in family-friendly festivities. This tour offers a perfect blend of cultural immersion and festive celebration in Brazil.',6,1000,'USD','2024-01-05 00:00:00','2024-01-10 00:00:00','Family-friendly, Rio de Janeiro, Carnival, Samba rhythms, Festive celebration','https://media.gadventures.com/media-server/cache/92/9b/929b8f99eb4dcfb115ca9d735480814c.jpg',35000,'family'),(78,'Family Coastal Retreat in Salvador','Enjoy a relaxing coastal retreat in the vibrant city of Salvador. Explore historic sites, relax on sandy beaches, and participate in family-friendly activities. This tour provides a perfect blend of sun, sea, and cultural exploration for families.',5,800,'USD','2024-02-01 00:00:00','2024-02-05 00:00:00','Family-friendly, Salvador, Coastal retreat, Historic sites, Cultural exploration','https://www.westcoastway.co.za/wp-content/uploads/2018/04/Robben-Island-Museum-b.jpg',25000,'family'),(79,'Family Jungle Safari in Iguazu Falls','Embark on a family jungle safari near the breathtaking Iguazu Falls. Explore lush rainforests, marvel at the cascading waterfalls, and engage in family-friendly activities. This tour offers a perfect blend of adventure and natural wonders for families.',7,1200,'USD','2024-02-15 00:00:00','2024-02-21 00:00:00','Family-friendly, Iguazu Falls, Jungle safari, Waterfalls, Natural wonders','https://www.nature-reserve.co.za/images/blyde-river-canyon-view-786x500.jpg',40000,'family'),(80,'Enchanting Escapade: Unveiling Romance in India','Embark on an enchanting journey through the diverse landscapes and cultural wonders of India. Explore the iconic Taj Mahal in Agra, discover the vibrant markets of Delhi, and experience the spiritual ambiance along the Ganges in Varanasi. From the historical heritage to the bustling modern cities, this tour captures the essence of India.',12,1200,'USD','2023-12-01 00:00:00','2023-12-12 00:00:00','Rich cultural heritage, Iconic landmarks, Spiritual experiences, Vibrant markets, Historical wonders, Taj Mahal, Ganges River','https://www.tusktravel.com/blog/wp-content/uploads/2019/02/honeymoon-taj-mahal-in-agra.jpg',45342,'honey moon'),(81,'Sunrise Serenity: Honeymoon Haven in the Land of Purity','Discover the vibrant colors and rich history of Rajasthan, India\'s \"Land of Kings.\" From the majestic forts of Jaipur to the serene lakes of Udaipur, this tour immerses you in the royal heritage and cultural richness of the region. Experience traditional Rajasthani cuisine, witness folk performances, and explore the architectural marvels that define this enchanting part of India.',10,950,'USD','2023-12-15 00:00:00','2023-12-24 00:00:00','Royal heritage, Vibrant culture, Majestic forts, Serene lakes, Traditional cuisine, Folk performances, Rajasthan','https://blog.thomascook.in/wp-content/uploads/2018/04/3.-Haridwar-e1524050555518.jpg',32134,'honey moon'),(82,'Divine Gardens of Taj Mahal: A Romantic Adventure for Newlyweds','Embark on a serene retreat along the sacred Ganges River, exploring the spiritual heart of India. From the ghats of Varanasi to the ancient temples of Rishikesh, experience the tranquility and cultural richness that define the Ganges region. Engage in yoga sessions, witness the Ganga Aarti, and discover the spiritual legacy of this extraordinary journey.',8,800,'USD','2024-01-05 00:00:00','2024-01-12 00:00:00','Sacred Ganges River, Spiritual retreat, Ancient temples, Yoga sessions, Ganga Aarti, Varanasi, Rishikesh','https://upload.wikimedia.org/wikipedia/commons/b/b9/Varanasiganga.jpg',20244,'honey moon'),(83,'Loves Hidden Treasures: A Special Journey through Romantic Destinations in India','Embark on a culinary journey through the flavors of India, exploring the diverse and mouthwatering cuisine. From the street food markets of Mumbai to the aromatic spice fields of Kerala, savor the unique tastes and textures that make Indian cuisine a global sensation. Immerse yourself in cooking classes, spice plantations, and the vibrant street food culture.',14,1500,'USD','2024-01-20 00:00:00','2024-02-02 00:00:00','Diverse cuisine, Culinary exploration, Street food markets, Spice plantations, Cooking classes, Mumbai, Kerala','https://img.traveltriangle.com/blog/wp-content/uploads/2019/11/Resorts-In-Kollam-Cover.jpg',56664,'honey moon'),(84,'Northern Bliss: Discovering Romance in Canadas Wilderness','Embark on a thrilling adventure through the majestic landscapes of the Canadian Rockies. From the breathtaking Banff National Park to the vibrant city life of Vancouver, experience the diverse beauty of Canada. Explore the turquoise waters of Lake Louise, hike through scenic trails, and embrace the outdoor spirit of the Great White North.',10,1860,'USD','2023-12-05 00:00:00','2023-12-15 00:00:00','Majestic landscapes, Canadian Rockies, Banff National Park, Vancouver, Lake Louise, Scenic trails, Outdoor adventure','https://media.timeout.com/images/105239979/750/422/image.jpg',34553,'honey moon'),(85,'Maple Leaf Love: A Honeymoon Escape Across Canadas Charming Landscapes','Immerse yourself in the enchanting winter wonderland of Whistler, British Columbia. Known for its world-class ski slopes and charming village atmosphere, Whistler offers a perfect blend of adventure and relaxation. Enjoy exhilarating ski runs, explore the picturesque village, and indulge in the cozy apres-ski ambiance.',7,1100,'USD','2023-12-20 00:00:00','2023-12-27 00:00:00','Winter wonderland, Ski slopes, Whistler, British Columbia, Ski runs, Charming village, Apres-ski','https://scene7.vailresorts.com/is/image/vailresorts/Village_20190122_WB_MitchWinton_001_2000x600?wid=2000&fit=vfit,1&resMode=sharp2&hei=1500&dpr=on,2.625',64565,'honey moon'),(86,'Whispers of Niagara: A Romantic Odyssey through Canadas Iconic Landmarks','Discover the charm and history of Eastern Canada as you journey through cities like Toronto, Montreal, and Quebec City. Explore the iconic CN Tower, experience the multicultural atmosphere of Toronto, and stroll through the cobblestone streets of Old Quebec. This tour showcases the vibrant culture and diverse landscapes of Canada\'s eastern region.',14,1600,'USD','2024-01-10 00:00:00','2024-01-24 00:00:00','Eastern Canada, Toronto, Montreal, Quebec City, CN Tower, Multicultural atmosphere, Old Quebec','https://i.natgeofe.com/n/720ceef5-db9c-4531-b164-aa091c133b0f/upper-town-winter-old-quebec-city-canada_4x3.jpg',45345,'honey moon'),(87,'Canadian Elegance: A Honeymoon Extravaganza in the Heart of the Great White North','Embark on a magical journey to witness the breathtaking Northern Lights in the Yukon territory. Immerse yourself in the stunning natural landscapes, try your hand at dog sledding, and experience the unique culture of the indigenous communities. The Yukon offers an unforgettable adventure under the dancing colors of the Aurora Borealis.',8,1500,'USD','2024-02-05 00:00:00','2024-02-12 00:00:00','Northern Lights, Yukon territory, Dog sledding, Indigenous communities, Aurora Borealis, Natural landscapes','https://travel.destinationcanada.com/_next/image?url=https%3A%2F%2Fadmin.destinationcanada.com%2Fsites%2Fdefault%2Ffiles%2F2023-06%2FQC-Chateau-Frontenac_hero.jpg&w=1920&q=75',45646,'honey moon'),(88,'Silk Road Serenity: A Journey of Love through Chinas Timeless Beauty','Embark on a journey through the cultural and natural wonders of China. Explore the majestic Great Wall, wander through the historic Forbidden City in Beijing, and cruise along the picturesque Li River in Guilin. From the vibrant cities to the serene landscapes, this tour captures the essence of China\'s rich heritage.',12,1500,'USD','2023-12-10 00:00:00','2023-12-22 00:00:00','Great Wall, Forbidden City, Li River, Beijing, Guilin, Chinese heritage, Cultural wonders','https://images2.alphacoders.com/707/707504.jpg',24564,'honey moon'),(89,'Pandas and Pagodas: A Honeymoon Expedition in the Heart of China','Follow the ancient Silk Road and immerse yourself in the historical treasures of China. From the bustling markets of Xi\'an to the oasis cities along the Silk Road, experience the diverse cultures and landscapes that have shaped China\'s history. Visit the Terracotta Army, explore the Dunhuang Caves, and witness the blending of traditions in this unique journey.',14,1800,'USD','2024-01-05 00:00:00','2024-01-19 00:00:00','Silk Road, Xi\'an, Terracotta Army, Dunhuang Caves, Oasis cities, Chinese history, Cultural treasures','https://media.tacdn.com/media/attractions-splice-spp-674x446/06/73/f1/a7.jpg',78575,'honey moon'),(90,'The Great Wall of Love: Unveiling Romance in Chinas Historic Landscapes','Embark on a relaxing cruise along the scenic Yangtze River, discovering the beauty of China\'s landscapes and ancient cities. Sail through the Three Gorges, visit the historic city of Chongqing, and explore the cultural richness along the riverbanks. This cruise offers a tranquil journey through some of China\'s most iconic natural wonders.',10,1200,'USD','2024-02-01 00:00:00','2024-02-10 00:00:00','Yangtze River, Three Gorges, Chongqing, River cruise, Chinese landscapes, Ancient cities','https://www.wendywutours.co.uk/resource/upload/262/accommodation.jpg',45905,'honey moon'),(91,'The Great Wall of Love: Unveiling Romance in Chinas Historic Landscapes','Experience the modern marvels of China, from the futuristic skyline of Shanghai to the tech hub of Shenzhen. Explore the iconic Bund, visit the tech parks of Shenzhen, and witness the blend of tradition and innovation in Chinese society. This tour provides a glimpse into the contemporary face of China.',8,1000,'USD','2024-02-15 00:00:00','2024-02-22 00:00:00','Modern China, Shanghai, Shenzhen, Bund, Tech parks, Chinese innovation, Contemporary society','https://www.travelandleisure.com/thmb/b2-ee45Q1DEjuzOa51XLhJ7Rfmc=/1500x0/filters:no_upscale():max_bytes(150000):strip_icc()/great-wall-china-tourists-GWOC0417-10bddbf0783644c386178f62117b2132.jpg',78976,'honey moon'),(92,'Mexican Riviera Escape','Embark on a sun-soaked journey along the Mexican Riviera, exploring the beautiful beaches and vibrant cities. From the lively streets of Cancun to the historical charm of Puerto Vallarta, experience the rich culture, delicious cuisine, and stunning coastal landscapes. Relax on the sandy shores, explore Mayan ruins, and savor the flavors of authentic Mexican dishes.',7,900,'USD','2023-12-15 00:00:00','2023-12-22 00:00:00','Mexican Riviera, Cancun, Puerto Vallarta, Beaches, Mayan ruins, Authentic cuisine','https://static.toiimg.com/photo/msid-44970723,width-96,height-65.cms',78675,'honey moon'),(93,'Cultural Tapestry of Mexico','Immerse yourself in the vibrant cultural tapestry of Mexico, from the bustling markets of Mexico City to the ancient pyramids of Teotihuacan. Explore the colonial charm of Oaxaca, witness traditional dance performances, and indulge in the diverse flavors of Mexican cuisine. This tour showcases the rich history and artistic legacy of Mexico.',10,1200,'USD','2024-01-05 00:00:00','2024-01-15 00:00:00','Cultural tapestry, Mexico City, Teotihuacan, Oaxaca, Traditional dance, Mexican cuisine, Artistic legacy','https://cdn.aarp.net/content/dam/aarp/travel/international/2022/08/1140-puerto-vallarta.jpg',43545,'honey moon'),(94,'Yucatan Peninsula Adventure','Explore the enchanting Yucatan Peninsula, home to ancient Mayan ruins, pristine cenotes, and vibrant cultural traditions. Visit the archaeological wonders of Chichen Itza, relax on the white sands of Tulum, and swim in crystal-clear cenotes. This adventure offers a perfect blend of history, nature, and relaxation in the heart of Mexico.',12,1500,'USD','2024-01-20 00:00:00','2024-02-01 00:00:00','Yucatan Peninsula, Chichen Itza, Tulum, Cenotes, Mayan ruins, Crystal-clear waters','https://cdn.britannica.com/86/189886-050-01925076/Temple-of-the-Sun-Palenque-XIV-Inscriptions.jpg',46783,'honey moon'),(95,'Baja California Coastal Retreat','Discover the natural beauty of Baja California, where the desert meets the sea. Explore the vibrant marine life in the Sea of Cortez, relax on the pristine beaches of Cabo San Lucas, and witness the breathtaking landscapes of the Baja Peninsula. This coastal retreat offers a serene escape into the wonders of the Mexican Pacific.',9,1100,'USD','2024-02-10 00:00:00','2024-02-19 00:00:00','Baja California, Sea of Cortez, Cabo San Lucas, Pristine beaches, Baja Peninsula, Marine life','https://upload.wikimedia.org/wikipedia/commons/thumb/a/ae/Cancun_aerial_photo_by_safa.jpg/1200px-Cancun_aerial_photo_by_safa.jpg',45646,'honey moon'),(96,'City of Love Escapade: A Romantic Journey through the Heart of France','Embark on a family-friendly exploration of the enchanting city of Paris. Visit iconic landmarks such as the Eiffel Tower and Louvre, enjoy French cuisine, and participate in family-oriented activities. This tour is designed to create lasting memories for families in the heart of France.',7,1000,'USD','2023-12-10 00:00:00','2023-12-16 00:00:00','Family-friendly, Paris, Eiffel Tower, Louvre, French cuisine, Family exploration','https://cdn.sortiraparis.com/images/80/69688/837774-que-faire-aujourd-hui-ce-a-paris-ou-en-ile-de-france.jpg',24964,'honey moon'),(97,'Châteaux and Champagne: A Honeymoon Soirée in the French Countryside','Experience the charm of Provence with your family. Explore picturesque villages, indulge in delicious local cuisine, and participate in family-friendly activities. This tour offers a perfect blend of relaxation and adventure in the beautiful region of Provence, France.',8,1200,'USD','2024-01-05 00:00:00','2024-01-12 00:00:00','Family-friendly, Provence, Adventure, Local cuisine, Family activities','https://www.explore.com/img/gallery/the-louvre-how-to-make-the-most-out-of-your-visit/l-intro-1678203633.jpg',78633,'honey moon'),(98,'Seine Serenity: Cruising the Waters of Romance in Frances Capital','Embark on a family-friendly escape to the vineyards of Bordeaux. Discover the art of winemaking, explore historic chateaus, and enjoy the beautiful landscapes of the Bordeaux region. This tour is designed for families seeking a unique and educational experience in the world of French wine.',6,900,'USD','2024-02-01 00:00:00','2024-02-06 00:00:00','Family-friendly, Bordeaux, Vineyards, Winemaking, Educational experience','https://travel.usnews.com/images/Hall_of_Mirrors_Versailles.jpg',39765,'honey moon'),(99,'Provencal Passion: A Honeymoon Retreat amid Lavender Fields and Vineyards in France','Enjoy a relaxing coastal retreat in the beautiful city of Nice with your family. Explore the Promenade des Anglais, relax on the beaches of the French Riviera, and participate in family-oriented activities. This tour provides a perfect blend of sun, sea, and family fun in the South of France.',5,700,'USD','2024-02-15 00:00:00','2024-02-19 00:00:00','Family-friendly, Nice, Coastal retreat, French Riviera, Family activities','https://sacotravel.com/wp-content/uploads/2023/02/Nha-tho-Sacre-Coeur.jpg',78525,'honey moon'),(100,'Stars and Stripes Serenade: A Honeymoon Adventure Across the USA','Experience the magic of Orlando with your family. Visit world-renowned theme parks, enjoy thrilling rides, and participate in family-friendly activities. This tour is designed for families seeking an enchanting adventure in the entertainment capital of the world.',7,1200,'USD','2023-12-10 00:00:00','2023-12-16 00:00:00','Family-friendly, Orlando, Theme parks, Thrilling rides, Enchanting adventure','https://assets.cityexperiences.com/wp-content/uploads/2022/04/statue-hero-image.jpg',45345,'honey moon'),(101,'City Lights & Coastal Nights: Exploring Romance in America\'s Diverse Landscapes','Escape to the natural wonders of Yellowstone with your family. Explore geysers, witness wildlife, and enjoy outdoor adventures in one of America\'s most iconic national parks. This tour provides a perfect blend of nature, education, and family bonding.',8,1400,'USD','2024-01-05 00:00:00','2024-01-12 00:00:00','Family-friendly, Yellowstone, Nature escape, Wildlife, Outdoor adventures','https://fh-sites.imgix.net/sites/4735/2021/07/31173956/Untitled-design-2021-07-31T133906.903.png?auto=compress%2Cformat&w=1000&h=1000&fit=max',45433,'honey moon'),(102,'Grand Canyon Dreams: A Honeymoon Sojourn in the Heart of the United States','Enjoy sun, sand, and family fun in Myrtle Beach. Relax on the pristine beaches, experience thrilling water activities, and participate in family-oriented events. This tour is designed for families seeking a beach getaway with a mix of relaxation and excitement.',6,1000,'USD','2024-02-01 00:00:00','2024-02-06 00:00:00','Family-friendly, Myrtle Beach, Beach fun, Water activities, Family events','https://www.wdwinfo.com/wp-content/uploads/2023/08/disneyland-2023-wdw-3.jpg',73753,'honey moon'),(103,'Southern Charms: A Romantic Getaway through Historic Landmarks in the USA','Embark on a family-friendly adventure in the awe-inspiring Grand Canyon. Hike the trails, marvel at the canyon views, and engage in educational activities suitable for all ages. This tour offers a perfect blend of natural wonders and family exploration.',5,800,'USD','2024-02-15 00:00:00','2024-02-19 00:00:00','Family-friendly, Grand Canyon, Adventure, Hiking, Educational activities','https://www.allaroundthewest.com/wp-content/uploads/2013/10/IMG_1713-2.jpg',54645,'honey moon'),(104,'Cherry Blossom Whispers: A Honeymoon Embrace in the Heart of Japan','Embark on a family adventure in the vibrant city of Sydney. Explore iconic landmarks like the Sydney Opera House, enjoy family-friendly activities, and experience the beauty of Australia. This tour is designed for families seeking a memorable and enriching experience in the Land Down Under.',7,1100,'USD','2023-12-10 00:00:00','2023-12-16 00:00:00','Family-friendly, Sydney, Adventure, Opera House, Enriching experience','https://cdn.britannica.com/03/75503-050-F65891FA/volcanic-cone-Japan-Mount-Fuji.jpg',387107,'honey moon'),(105,'Tokyo Love Tale: Urban Romance Unveiled in Japan\'s Capital','Discover the wonders of the Great Barrier Reef with your family. Snorkel among vibrant coral reefs, witness diverse marine life, and enjoy family-friendly activities in one of the world\'s most spectacular natural wonders. This tour offers a perfect blend of adventure and relaxation for families.',9,1500,'USD','2024-01-05 00:00:00','2024-01-13 00:00:00','Family-friendly, Great Barrier Reef, Reef exploration, Snorkeling, Marine life','https://media.timeout.com/images/105823568/image.jpg',73756,'honey moon'),(106,'Onsen Odyssey: A Honeymoon Soak in Japan\'s Tranquil Hot Springs','Experience the unique beauty of the Australian Outback with your family. Explore the rugged landscapes, encounter native wildlife, and engage in family-friendly activities in the heart of Australia. This tour provides a perfect blend of adventure and cultural immersion.',8,1300,'USD','2024-02-01 00:00:00','2024-02-08 00:00:00','Family-friendly, Alice Springs, Outback Safari, Wildlife, Cultural immersion','https://resources.matcha-jp.com/resize/720x2000/2023/03/28-136333.webp',89786,'honey moon'),(107,'Samurai Dreams: A Romantic Journey through Japan\'s Rich Cultural Heritage','Enjoy a relaxing beach retreat in the stunning Gold Coast with your family. Relax on sandy shores, experience thrilling theme parks, and participate in family-friendly activities. This tour provides a perfect blend of sun, sea, and family fun in one of Australia\'s most popular beach destinations.',6,900,'USD','2024-02-15 00:00:00','2024-02-20 00:00:00','Family-friendly, Gold Coast, Beach retreat, Theme parks, Family fun','https://japanball.com/wp-content/uploads/2020/12/A-Bomb-Dome-Horizontal-scaled-1.jpg',34534,'honey moon'),(108,'Down Under Delight: A Honeymoon Expedition through Australia\'s Natural Wonders','Embark on a family adventure in the Amazon Rainforest. Explore diverse ecosystems, encounter exotic wildlife, and engage in family-friendly activities in one of the world\'s most iconic natural wonders. This tour provides a perfect blend of adventure and environmental education for families.',8,1400,'USD','2023-12-10 00:00:00','2023-12-18 00:00:00','Family-friendly, Amazon Rainforest, Adventure, Wildlife, Environmental education','https://media.wired.co.uk/photos/61e95ba713bbbd2dfc83537d/16:9/w_2560%2Cc_limit/GettyImages-1184376671.jpg',45632,'honey moon'),(109,'Great Barrier Romance: Snorkeling in Love along Australia\'s Tropical Paradises','Experience the vibrant energy of Rio de Janeiro\'s Carnival with your family. Witness colorful parades, dance to samba rhythms, and participate in family-friendly festivities. This tour offers a perfect blend of cultural immersion and festive celebration in Brazil.',6,1000,'USD','2024-01-05 00:00:00','2024-01-10 00:00:00','Family-friendly, Rio de Janeiro, Carnival, Samba rhythms, Festive celebration','https://files.wheeleasy.org/media/places/597ada5a422dee24ac4a5e40/wheeleasy-sydney-opera-house-2.webp',24543,'honey moon'),(110,'Sydney Serendipity: A Honeymoon Sojourn in the Iconic Harbor City','Enjoy a relaxing coastal retreat in the vibrant city of Salvador. Explore historic sites, relax on sandy beaches, and participate in family-friendly activities. This tour provides a perfect blend of sun, sea, and cultural exploration for families.',5,800,'USD','2024-02-01 00:00:00','2024-02-05 00:00:00','Family-friendly, Salvador, Coastal retreat, Historic sites, Cultural exploration','https://dynamic-media-cdn.tripadvisor.com/media/photo-o/23/50/68/80/caption.jpg?w=1200&h=-1&s=1&cx=1060&cy=596&chk=v1_c42425335c6fa0c7a95b',56456,'honey moon'),(111,'Outback Oasis: A Romantic Retreat in the Heart of Australia\'s Wilderness','Embark on a family jungle safari near the breathtaking Iguazu Falls. Explore lush rainforests, marvel at the cascading waterfalls, and engage in family-friendly activities. This tour offers a perfect blend of adventure and natural wonders for families.',7,1200,'USD','2024-02-15 00:00:00','2024-02-21 00:00:00','Family-friendly, Iguazu Falls, Jungle safari, Waterfalls, Natural wonders','https://greatoceanroadguide.com.au/wp-content/uploads/2020/05/Touring-The-Great-Ocean-Road.jpg',46343,'honey moon'),(112,'Samba Serenade: A Honeymoon Rhythm through the Vibrant Heart of Brazil','Embark on a family-friendly safari adventure in the renowned Kruger National Park. Witness the Big Five, explore diverse ecosystems, and engage in family-oriented activities. This tour offers a perfect blend of wildlife encounters and cultural experiences for families.',7,1200,'USD','2023-12-10 00:00:00','2023-12-16 00:00:00','Family-friendly, Kruger National Park, Safari, Wildlife encounters, Cultural experiences','https://destinationlesstravel.com/wp-content/uploads/2022/10/The-Christ-the-Redeemer-with-Rio-de-Janeiro-in-the-background-as-seen-from-a-scenic-flight.jpg.webp',24534,'honey moon'),(113,'Amazonian Affair: Navigating Love\'s Waterways in the Jungles of Brazil','Explore the stunning coastline of Cape Town with your family. Visit iconic landmarks, relax on sandy beaches, and participate in family-friendly activities. This tour provides a perfect blend of cultural exploration and beachside relaxation for families.',8,1300,'USD','2024-01-05 00:00:00','2024-01-12 00:00:00','Family-friendly, Cape Town, Coastline exploration, Sandy beaches, Cultural exploration','https://lh5.googleusercontent.com/p/AF1QipPCEWvvj2k9MEtrAZTPy5f6eeIuwdX89CTMd5Pv=s1600',47897,'honey moon'),(114,'Carnival Dreams: A Romantic Celebration in the Festive Spirit of Brazil','Experience a family-friendly adventure in the picturesque Winelands of Stellenbosch. Explore historic vineyards, indulge in delicious cuisine, and participate in family-oriented activities. This tour offers a perfect blend of relaxation and culinary exploration for families.',6,1000,'USD','2024-02-01 00:00:00','2024-02-06 00:00:00','Family-friendly, Stellenbosch, Winelands, Culinary exploration, Relaxation','https://theworldtravelguy.com/wp-content/uploads/2023/04/DSCF2279_1200-2.jpg',37863,'honey moon'),(115,'Iguazu Falls Embrace: A Honeymoon Adventure Amid Nature\'s Majesty in Brazil','Embark on a family adventure in the breathtaking Drakensberg Mountains. Hike scenic trails, discover cultural heritage, and engage in family-friendly activities in the heart of South Africa. This tour provides a perfect blend of natural beauty and cultural immersion for families.',5,800,'USD','2024-02-15 00:00:00','2024-02-19 00:00:00','Family-friendly, Drakensberg Mountains, Adventure, Hiking, Cultural immersion','https://www.worldatlas.com/r/w1200/upload/b3/85/69/shutterstock-1292310916.jpg',78654,'honey moon'),(116,'Safari Serenity: A Honeymoon Expedition through South Africa\'s Wildlife Wonders','Embark on a family adventure in the Amazon Rainforest. Explore diverse ecosystems, encounter exotic wildlife, and engage in family-friendly activities in one of the world\'s most iconic natural wonders. This tour provides a perfect blend of adventure and environmental education for families.',8,1400,'USD','2023-12-10 00:00:00','2023-12-18 00:00:00','Family-friendly, Amazon Rainforest, Adventure, Wildlife, Environmental education','https://media.citizen.co.za/wp-content/uploads/2021/11/Table-Mountain.jpg',16545,'honey moon'),(117,'Cape of Love: Exploring Romance along South Africa\'s Coastal Beauty','Experience the vibrant energy of Rio de Janeiro\'s Carnival with your family. Witness colorful parades, dance to samba rhythms, and participate in family-friendly festivities. This tour offers a perfect blend of cultural immersion and festive celebration in Brazil.',6,1000,'USD','2024-01-05 00:00:00','2024-01-10 00:00:00','Family-friendly, Rio de Janeiro, Carnival, Samba rhythms, Festive celebration','https://extraordinary.co.za/wp-content/uploads/2018/06/10-reasons-to-visit-the-kruger-national-park-3.jpg',48321,'honey moon'),(118,'Johannesburg Journeys: A Cityscape of Love in South Africa','Enjoy a relaxing coastal retreat in the vibrant city of Salvador. Explore historic sites, relax on sandy beaches, and participate in family-friendly activities. This tour provides a perfect blend of sun, sea, and cultural exploration for families.',5,800,'USD','2024-02-01 00:00:00','2024-02-05 00:00:00','Family-friendly, Salvador, Coastal retreat, Historic sites, Cultural exploration','https://dynamic-media-cdn.tripadvisor.com/media/photo-o/17/a4/f2/14/robben-islandhas-been.jpg?w=1200&h=1200&s=1',54656,'honey moon'),(119,'Victoria & Vineyards: A Romantic Escape through the Splendors of South African Landscapes','Embark on a family jungle safari near the breathtaking Iguazu Falls. Explore lush rainforests, marvel at the cascading waterfalls, and engage in family-friendly activities. This tour offers a perfect blend of adventure and natural wonders for families.',7,1200,'USD','2024-02-15 00:00:00','2024-02-21 00:00:00','Family-friendly, Iguazu Falls, Jungle safari, Waterfalls, Natural wonders','https://img.traveltriangle.com/blog/wp-content/uploads/2018/12/Blyde-River-Canyon-Nature-Reserve.1.jpg',16545,'honey moon'),(120,'Himalayan Heights Trek','Embark on an enchanting journey through the diverse landscapes and cultural wonders of India. Explore the iconic Taj Mahal in Agra, discover the vibrant markets of Delhi, and experience the spiritual ambiance along the Ganges in Varanasi. From the historical heritage to the bustling modern cities, this tour captures the essence of India.',12,1200,'USD','2023-12-01 00:00:00','2023-12-12 00:00:00','Rich cultural heritage, Iconic landmarks, Spiritual experiences, Vibrant markets, Historical wonders, Taj Mahal, Ganges River','https://dulichcoguu.com/wp-content/uploads/2022/06/lang-mo-taj-mahal-an-do-1024x576.jpg',45776,'adventure'),(121,'Rajasthan Rally Adventure','Discover the vibrant colors and rich history of Rajasthan, India\'s \"Land of Kings.\" From the majestic forts of Jaipur to the serene lakes of Udaipur, this tour immerses you in the royal heritage and cultural richness of the region. Experience traditional Rajasthani cuisine, witness folk performances, and explore the architectural marvels that define this enchanting part of India.',10,950,'USD','2023-12-15 00:00:00','2023-12-24 00:00:00','Royal heritage, Vibrant culture, Majestic forts, Serene lakes, Traditional cuisine, Folk performances, Rajasthan','https://blog.thomascook.in/wp-content/uploads/2018/03/City-Palace-courtyard-e1521529130649.jpg',24533,'adventure'),(122,'Ganges Grandeur Expedition','Embark on a serene retreat along the sacred Ganges River, exploring the spiritual heart of India. From the ghats of Varanasi to the ancient temples of Rishikesh, experience the tranquility and cultural richness that define the Ganges region. Engage in yoga sessions, witness the Ganga Aarti, and discover the spiritual legacy of this extraordinary journey.',8,800,'USD','2024-01-05 00:00:00','2024-01-12 00:00:00','Sacred Ganges River, Spiritual retreat, Ancient temples, Yoga sessions, Ganga Aarti, Varanasi, Rishikesh','https://images.squarespace-cdn.com/content/v1/5e95d9b13e6b2f7f177b574b/1587739848976-248791SKDDTF5WU0WA54/1.+Along+the+ghats.jpg',60343,'adventure'),(123,'Western Ghats Jungle Trek','Embark on a culinary journey through the flavors of India, exploring the diverse and mouthwatering cuisine. From the street food markets of Mumbai to the aromatic spice fields of Kerala, savor the unique tastes and textures that make Indian cuisine a global sensation. Immerse yourself in cooking classes, spice plantations, and the vibrant street food culture.',14,1500,'USD','2024-01-20 00:00:00','2024-02-02 00:00:00','Diverse cuisine, Culinary exploration, Street food markets, Spice plantations, Cooking classes, Mumbai, Kerala','https://oneday.travel/wp-content/uploads/one-day-delhi-to-haridwar-rishikesh-sightseeing-tour-package-private-cab-header.jpg',34532,'adventure'),(124,'Rocky Mountain Rush','Embark on a thrilling adventure through the majestic landscapes of the Canadian Rockies. From the breathtaking Banff National Park to the vibrant city life of Vancouver, experience the diverse beauty of Canada. Explore the turquoise waters of Lake Louise, hike through scenic trails, and embrace the outdoor spirit of the Great White North.',10,11260,'USD','2023-12-05 00:00:00','2023-12-15 00:00:00','Majestic landscapes, Canadian Rockies, Banff National Park, Vancouver, Lake Louise, Scenic trails, Outdoor adventure','https://canadiangeographic.ca/wp-content/uploads/2022/02/35425328-the_falls_at_sunrise-1440x884.jpg',24532,'adventure'),(125,'Maple Leaf Paddles','Immerse yourself in the enchanting winter wonderland of Whistler, British Columbia. Known for its world-class ski slopes and charming village atmosphere, Whistler offers a perfect blend of adventure and relaxation. Enjoy exhilarating ski runs, explore the picturesque village, and indulge in the cozy apres-ski ambiance.',7,1100,'USD','2023-12-20 00:00:00','2023-12-27 00:00:00','Winter wonderland, Ski slopes, Whistler, British Columbia, Ski runs, Charming village, Apres-ski','https://www.whistlertraveller.com/wp-content/uploads/2020/05/WhistlerSun-JRd-20110218-078-hweb.jpg',54345,'adventure'),(126,'Urban Wilderness Escape','Discover the charm and history of Eastern Canada as you journey through cities like Toronto, Montreal, and Quebec City. Explore the iconic CN Tower, experience the multicultural atmosphere of Toronto, and stroll through the cobblestone streets of Old Quebec. This tour showcases the vibrant culture and diverse landscapes of Canada\'s eastern region.',14,1600,'USD','2024-01-10 00:00:00','2024-01-24 00:00:00','Eastern Canada, Toronto, Montreal, Quebec City, CN Tower, Multicultural atmosphere, Old Quebec','https://www.themandagies.com/wp-content/uploads/2018/07/Pyramid-Lake-Maligne-Canyon-Lake-Annette-Lake-Edith-Jasper-Alberta-74.jpg',45343,'adventure'),(127,'Northern Lights Expedition','Embark on a magical journey to witness the breathtaking Northern Lights in the Yukon territory. Immerse yourself in the stunning natural landscapes, try your hand at dog sledding, and experience the unique culture of the indigenous communities. The Yukon offers an unforgettable adventure under the dancing colors of the Aurora Borealis.',8,1500,'USD','2024-02-05 00:00:00','2024-02-12 00:00:00','Northern Lights, Yukon territory, Dog sledding, Indigenous communities, Aurora Borealis, Natural landscapes','https://www.amtrakvacations.com/sites/amtrak/files/styles/hero/public/images/quebec-city.jpg?h=5a5fc591&itok=UWyVwQ76',45546,'adventure'),(128,'Great Wall Galore','Embark on a journey through the cultural and natural wonders of China. Explore the majestic Great Wall, wander through the historic Forbidden City in Beijing, and cruise along the picturesque Li River in Guilin. From the vibrant cities to the serene landscapes, this tour captures the essence of China\'s rich heritage.',12,1500,'USD','2023-12-10 00:00:00','2023-12-22 00:00:00','Great Wall, Forbidden City, Li River, Beijing, Guilin, Chinese heritage, Cultural wonders','https://cdn.britannica.com/34/127034-050-286CE184/Great-Wall-of-China.jpg',54332,'adventure'),(129,'Karst Conquests: Southern China Adventure','Follow the ancient Silk Road and immerse yourself in the historical treasures of China. From the bustling markets of Xi\'an to the oasis cities along the Silk Road, experience the diverse cultures and landscapes that have shaped China\'s history. Visit the Terracotta Army, explore the Dunhuang Caves, and witness the blending of traditions in this unique journey.',14,1800,'USD','2024-01-05 00:00:00','2024-01-19 00:00:00','Silk Road, Xi\'an, Terracotta Army, Dunhuang Caves, Oasis cities, Chinese history, Cultural treasures','https://www.tripstoshanghai.com/upload/ueditor/image/20200907/6373507291498578152689182.jpg',24525,'adventure'),(130,'Yangtze Rapids Run','Embark on a relaxing cruise along the scenic Yangtze River, discovering the beauty of China\'s landscapes and ancient cities. Sail through the Three Gorges, visit the historic city of Chongqing, and explore the cultural richness along the riverbanks. This cruise offers a tranquil journey through some of China\'s most iconic natural wonders.',10,1200,'USD','2024-02-01 00:00:00','2024-02-10 00:00:00','Yangtze River, Three Gorges, Chongqing, River cruise, Chinese landscapes, Ancient cities','https://www.aimircg.com/wp-content/uploads/2020/05/3.jpg',453435,'adventure'),(131,'Forbidden Peaks Expedition','Experience the modern marvels of China, from the futuristic skyline of Shanghai to the tech hub of Shenzhen. Explore the iconic Bund, visit the tech parks of Shenzhen, and witness the blend of tradition and innovation in Chinese society. This tour provides a glimpse into the contemporary face of China.',8,1000,'USD','2024-02-15 00:00:00','2024-02-22 00:00:00','Modern China, Shanghai, Shenzhen, Bund, Tech parks, Chinese innovation, Contemporary society','https://live.staticflickr.com/7375/16260086557_a0a0004282_b.jpg',275345,'adventure'),(132,'Mayan Ruins and Reef Adventure','Embark on a sun-soaked journey along the Mexican Riviera, exploring the beautiful beaches and vibrant cities. From the lively streets of Cancun to the historical charm of Puerto Vallarta, experience the rich culture, delicious cuisine, and stunning coastal landscapes. Relax on the sandy shores, explore Mayan ruins, and savor the flavors of authentic Mexican dishes.',7,1300,'USD','2023-12-15 00:00:00','2023-12-22 00:00:00','Mexican Riviera, Cancun, Puerto Vallarta, Beaches, Mayan ruins, Authentic cuisine','https://cdn.thecollector.com/wp-content/uploads/2023/04/must-see-buildings-in-chichen-itza.jpg?width=1400&quality=70',54344,'adventure'),(133,'Sierra Madre Sojourn','Immerse yourself in the vibrant cultural tapestry of Mexico, from the bustling markets of Mexico City to the ancient pyramids of Teotihuacan. Explore the colonial charm of Oaxaca, witness traditional dance performances, and indulge in the diverse flavors of Mexican cuisine. This tour showcases the rich history and artistic legacy of Mexico.',10,1200,'USD','2024-01-05 00:00:00','2024-01-15 00:00:00','Cultural tapestry, Mexico City, Teotihuacan, Oaxaca, Traditional dance, Mexican cuisine, Artistic legacy','https://alacartetravel.hr/wp-content/uploads/tulum-mexico-9000796d-95a9-459c-b0b9-07399a7d661e.jpg',453454,'adventure'),(134,'Yucatan Jungle Journey','Explore the enchanting Yucatan Peninsula, home to ancient Mayan ruins, pristine cenotes, and vibrant cultural traditions. Visit the archaeological wonders of Chichen Itza, relax on the white sands of Tulum, and swim in crystal-clear cenotes. This adventure offers a perfect blend of history, nature, and relaxation in the heart of Mexico.',12,1500,'USD','2024-01-20 00:00:00','2024-02-01 00:00:00','Yucatan Peninsula, Chichen Itza, Tulum, Cenotes, Mayan ruins, Crystal-clear waters','https://www.ca.kayak.com/rimg/dimg/dynamic/376-1688636677-front-door-2_gettyimages-585203859_universal_within-usage-period_77945.jpeg?height=768&width=1366&crop=true',54345,'adventure'),(135,'Baja Breezes Coastal Adventure','Discover the natural beauty of Baja California, where the desert meets the sea. Explore the vibrant marine life in the Sea of Cortez, relax on the pristine beaches of Cabo San Lucas, and witness the breathtaking landscapes of the Baja Peninsula. This coastal retreat offers a serene escape into the wonders of the Mexican Pacific.',9,1100,'USD','2024-02-10 00:00:00','2024-02-19 00:00:00','Baja California, Sea of Cortez, Cabo San Lucas, Pristine beaches, Baja Peninsula, Marine life','https://cf.bstatic.com/xdata/images/hotel/max1024x768/251705052.jpg?k=643875a00be6b28429e4752560982a8fab69eb7eba6ddbcee388b4f8a9064af2&o=&hp=1',45345,'adventure'),(136,'Alpine Ascent Adventure','Embark on a adventure-friendly exploration of the enchanting city of Paris. Visit iconic landmarks such as the Eiffel Tower and Louvre, enjoy French cuisine, and participate in adventure-oriented activities. This tour is designed to create lasting memories for families in the heart of France.',7,1000,'USD','2023-12-10 00:00:00','2023-12-16 00:00:00','adventure-friendly, Paris, Eiffel Tower, Louvre, French cuisine, adventure exploration','https://res.cloudinary.com/djcyhbk2e/image/upload/c_limit,f_auto,q_50,w_1400/v1/gvv/prod/ahcibl8uj5wjirwenla0',53452,'adventure'),(137,'Riviera Revelry','Experience the charm of Provence with your adventure. Explore picturesque villages, indulge in delicious local cuisine, and participate in adventure-friendly activities. This tour offers a perfect blend of relaxation and adventure in the beautiful region of Provence, France.',8,1200,'USD','2024-01-05 00:00:00','2024-01-12 00:00:00','adventure-friendly, Provence, Adventure, Local cuisine, adventure activities','https://www.theweek.in/content/dam/week/webworld/feature/society/2016/august/images/Louvre-museum-paris.jpg',245345,'adventure'),(138,'Loire Valley Quest','Embark on a adventure-friendly escape to the vineyards of Bordeaux. Discover the art of winemaking, explore historic chateaus, and enjoy the beautiful landscapes of the Bordeaux region. This tour is designed for families seeking a unique and educational experience in the world of French wine.',6,1300,'USD','2024-02-01 00:00:00','2024-02-06 00:00:00','adventure-friendly, Bordeaux, Vineyards, Winemaking, Educational experience','https://www.travelcaffeine.com/wp-content/uploads/2014/04/DSC_7049-as-Smart-Object-1-copy.jpg',78555,'adventure'),(139,'Mont Blanc Mystique','Enjoy a relaxing coastal retreat in the beautiful city of Nice with your adventure. Explore the Promenade des Anglais, relax on the beaches of the French Riviera, and participate in adventure-oriented activities. This tour provides a perfect blend of sun, sea, and adventure fun in the South of France.',5,700,'USD','2024-02-15 00:00:00','2024-02-19 00:00:00','adventure-friendly, Nice, Coastal retreat, French Riviera, adventure activities','https://francerevisited.com/wp-content/uploads/AK0.jpg',45342,'adventure'),(140,'Wild West Expedition','Experience the magic of Orlando with your adventure. Visit world-renowned theme parks, enjoy thrilling rides, and participate in adventure-friendly activities. This tour is designed for families seeking an enchanting adventure in the entertainment capital of the world.',7,1200,'USD','2023-12-10 00:00:00','2023-12-16 00:00:00','adventure-friendly, Orlando, Theme parks, Thrilling rides, Enchanting adventure','https://fh-sites.imgix.net/sites/1199/2021/12/21171228/Get-to-Know-the-Grand-Canyon-Secrets-and-the-Hidden-Waterfall.jpg?auto=compress%2Cformat&w=1000&h=1000&fit=max',453453,'adventure'),(141,'Peak Pursuit: American Adventure','Escape to the natural wonders of Yellowstone with your adventure. Explore geysers, witness wildlife, and enjoy outdoor adventures in one of America\'s most iconic national parks. This tour provides a perfect blend of nature, education, and adventure bonding.',8,1400,'USD','2024-01-05 00:00:00','2024-01-12 00:00:00','adventure-friendly, Yellowstone, Nature escape, Wildlife, Outdoor adventures','https://www.themeparkinsider.com/art/reviews/disneyland.jpg',54340,'adventure'),(142,'Canyon Quest Thrills','Enjoy sun, sand, and adventure fun in Myrtle Beach. Relax on the pristine beaches, experience thrilling water activities, and participate in adventure-oriented events. This tour is designed for families seeking a beach getaway with a mix of relaxation and excitement.',6,1000,'USD','2024-02-01 00:00:00','2024-02-06 00:00:00','adventure-friendly, Myrtle Beach, Beach fun, Water activities, adventure events','https://shakablog.s3.us-west-1.amazonaws.com/images/00c7cab87fd3f50b29ac22e39150c872.jpg',35430,'adventure'),(143,'Coastal Escapes: USA Unleashed','Embark on a adventure-friendly adventure in the awe-inspiring Grand Canyon. Hike the trails, marvel at the canyon views, and engage in educational activities suitable for all ages. This tour offers a perfect blend of natural wonders and adventure exploration.',5,800,'USD','2024-02-15 00:00:00','2024-02-19 00:00:00','adventure-friendly, Grand Canyon, Adventure, Hiking, Educational activities','https://a.cdn-hotels.com/gdcs/production139/d1761/337d7266-abf9-480b-8470-7d3baad6e012.jpg?impolicy=fcrop&w=800&h=533&q=medium',45345,'adventure'),(144,'Outback Odyssey','Embark on a adventure adventure in the vibrant city of Sydney. Explore iconic landmarks like the Sydney Opera House, enjoy adventure-friendly activities, and experience the beauty of Australia. This tour is designed for families seeking a memorable and enriching experience in the Land Down Under.',7,1100,'USD','2023-12-10 00:00:00','2023-12-16 00:00:00','adventure-friendly, Sydney, Adventure, Opera House, Enriching experience','https://www.fitzroyisland.com/wp-content/uploads/2019/04/Best-Ways-to-See-and-Experience-the-Great-Barrier-Reef-703x469.jpg',34342,'adventure'),(145,'Reef and Rainforest Rendezvous','Discover the wonders of the Great Barrier Reef with your adventure. Snorkel among vibrant coral reefs, witness diverse marine life, and enjoy adventure-friendly activities in one of the world\'s most spectacular natural wonders. This tour offers a perfect blend of adventure and relaxation for families.',9,1500,'USD','2024-01-05 00:00:00','2024-01-13 00:00:00','adventure-friendly, Great Barrier Reef, Reef exploration, Snorkeling, Marine life','https://files.wheeleasy.org/media/places/597ada5a422dee24ac4a5e40/wheeleasy-sydney-opera-house-1.webp',50540,'adventure'),(146,'Sydney Skyline Adventure','Experience the unique beauty of the Australian Outback with your adventure. Explore the rugged landscapes, encounter native wildlife, and engage in adventure-friendly activities in the heart of Australia. This tour provides a perfect blend of adventure and cultural immersion.',8,1300,'USD','2024-02-01 00:00:00','2024-02-08 00:00:00','adventure-friendly, Alice Springs, Outback Safari, Wildlife, Cultural immersion','https://lp-cms-production.imgix.net/2019-06/b0534b425e39f3d46d20664fc3c4a2f9-kata-tjuta.jpg',45450,'adventure'),(147,'Wildlife Wonders Safari','Enjoy a relaxing beach retreat in the stunning Gold Coast with your adventure. Relax on sandy shores, experience thrilling theme parks, and participate in adventure-friendly activities. This tour provides a perfect blend of sun, sea, and adventure fun in one of Australia\'s most popular beach destinations.',6,1300,'USD','2024-02-15 00:00:00','2024-02-20 00:00:00','adventure-friendly, Gold Coast, Beach retreat, Theme parks, adventure fun','https://content.api.news/v3/images/bin/2d735ccafa68694f78f0b7f804437bcd',30450,'adventure'),(148,'Amazonian Trek: Into the Wilderness','Embark on a adventure adventure in the Amazon Rainforest. Explore diverse ecosystems, encounter exotic wildlife, and engage in adventure-friendly activities in one of the world\'s most iconic natural wonders. This tour provides a perfect blend of adventure and environmental education for families.',8,1400,'USD','2023-12-10 00:00:00','2023-12-18 00:00:00','adventure-friendly, Amazon Rainforest, Adventure, Wildlife, Environmental education','https://uploads.exoticca.com/global/destination/poi/copacabana-beach.png',48540,'adventure'),(149,'Carnival Quest Celebration','Experience the vibrant energy of Rio de Janeiro\'s Carnival with your adventure. Witness colorful parades, dance to samba rhythms, and participate in adventure-friendly festivities. This tour offers a perfect blend of cultural immersion and festive celebration in Brazil.',6,1000,'USD','2024-01-05 00:00:00','2024-01-10 00:00:00','adventure-friendly, Rio de Janeiro, Carnival, Samba rhythms, Festive celebration','https://theworldtravelguy.com/wp-content/uploads/2023/04/DSCF2279_1200-2.jpg',35420,'adventure'),(150,'Iguazu Intensity','Enjoy a relaxing coastal retreat in the vibrant city of Salvador. Explore historic sites, relax on sandy beaches, and participate in adventure-friendly activities. This tour provides a perfect blend of sun, sea, and cultural exploration for families.',5,800,'USD','2024-02-01 00:00:00','2024-02-05 00:00:00','adventure-friendly, Salvador, Coastal retreat, Historic sites, Cultural exploration','https://lp-cms-production.imgix.net/features/2013/02/Amazon_tour_Manaus-97746aabd084.jpg',25450,'adventure'),(151,'Pantanal Explorer: Wetlands Adventure','Embark on a adventure jungle safari near the breathtaking Iguazu Falls. Explore lush rainforests, marvel at the cascading waterfalls, and engage in adventure-friendly activities. This tour offers a perfect blend of adventure and natural wonders for families.',7,1200,'USD','2024-02-15 00:00:00','2024-02-21 00:00:00','adventure-friendly, Iguazu Falls, Jungle safari, Waterfalls, Natural wonders','https://images.squarespace-cdn.com/content/v1/55ee34aae4b0bf70212ada4c/1584735147788-VCT5REM7RH16LSWQ5MYH/hitoshi-namura-nzEZBYpQmeg-unsplash.jpg',42100,'adventure'),(152,'Safari Spectacle','Embark on a adventure-friendly safari adventure in the renowned Kruger National Park. Witness the Big Five, explore diverse ecosystems, and engage in adventure-oriented activities. This tour offers a perfect blend of wildlife encounters and cultural experiences for families.',7,1200,'USD','2023-12-10 00:00:00','2023-12-16 00:00:00','adventure-friendly, Kruger National Park, Safari, Wildlife encounters, Cultural experiences','https://media.istockphoto.com/id/482989593/photo/table-mountain-cape-town-south-africa.jpg?s=612x612&w=0&k=20&c=090XpRVKromyj36DZlubvHzEH839BPGP08ipuQWyMDs=',45400,'adventure'),(153,'Cape to Kruger Expedition','Explore the stunning coastline of Cape Town with your adventure. Visit iconic landmarks, relax on sandy beaches, and participate in adventure-friendly activities. This tour provides a perfect blend of cultural exploration and beachside relaxation for families.',8,1300,'USD','2024-01-05 00:00:00','2024-01-12 00:00:00','adventure-friendly, Cape Town, Coastline exploration, Sandy beaches, Cultural exploration','https://extraordinary.co.za/wp-content/uploads/2018/06/10-reasons-to-visit-the-kruger-national-park-3.jpg',454500,'adventure'),(154,'Johannesburg Urban Adventures','Experience a adventure-friendly adventure in the picturesque Winelands of Stellenbosch. Explore historic vineyards, indulge in delicious cuisine, and participate in adventure-oriented activities. This tour offers a perfect blend of relaxation and culinary exploration for families.',6,1000,'USD','2024-02-01 00:00:00','2024-02-06 00:00:00','adventure-friendly, Stellenbosch, Winelands, Culinary exploration, Relaxation','https://www.expatica.com/app/uploads/sites/12/2014/05/robben-island-1920x1080.jpg',35450,'adventure'),(155,'Drakensberg Discovery','Embark on a adventure adventure in the breathtaking Drakensberg Mountains. Hike scenic trails, discover cultural heritage, and engage in adventure-friendly activities in the heart of South Africa. This tour provides a perfect blend of natural beauty and cultural immersion for families.',5,800,'USD','2024-02-15 00:00:00','2024-02-19 00:00:00','adventure-friendly, Drakensberg Mountains, Adventure, Hiking, Cultural immersion','https://ubuntuvilla.com/wp-content/uploads/2019/06/Blyde-River-Boat-Tour-1.jpg',37800,'adventure'),(156,'Samurai Trails Discovery','Embark on a magical adventure in Japan, where dreams come to life. Experience the enchanting world of Tokyo Disneyland, marvel at the iconic Mount Fuji, and be mesmerized by the natural wonders that await you. Immerse yourself in the rich cultural heritage of Kyoto Temples and Osaka Castle, and witness the breathtaking beauty of Mount Fuji as it stands as a testament to Japans natural magnificence. This journey is a perfect blend of fantasy, culture, and natural beauty that will leave you with unforgettable memories.',7,1200,'USD','2023-12-10 00:00:00','2023-12-16 00:00:00','Disney magic, Natural beauty, Japanese culture, Fantasy adventure, Mount Fuji exploration','https://jw-webmagazine.com/wp-content/uploads/2019/07/jw-5d1b4bc7310b89.24743196.jpeg',45400,'adventure'),(157,'Tokyo Urban Adventures','Immerse yourself in the historical richness of Japan with a tour that explores the cultural heritage of Kyoto Temples, the majestic beauty of Osaka Castle, and the iconic presence of Mount Fuji. This triangle of historical wonders invites you to step back in time as you wander through centuries-old temples, marvel at the architectural brilliance of Osaka Castle, and witness the breathtaking beauty of Mount Fuji. This journey is a perfect blend of cultural exploration, architectural marvels, and the natural splendor that defines Japan.',8,1300,'USD','2024-01-05 00:00:00','2024-01-12 00:00:00','Cultural heritage, Architectural marvels, Natural beauty, Japanese history, Kyoto Temples, Osaka Castle, Mount Fuji','https://a.travel-assets.com/findyours-php/viewfinder/images/res70/490000/490176-lake-kawaguchi.jpg',78500,'adventure'),(158,'Ninja Quest Expedition','Experience the magic of Japan with this delightful tour. Immerse yourself in the enchantment of Tokyo Disneyland and explore the historical richness of Kyoto Temples. This tour offers a perfect blend of Disney magic and cultural heritage, providing a unique and memorable experience in the land of the rising sun.',6,1000,'USD','2024-02-01 00:00:00','2024-02-06 00:00:00','Disney magic, Cultural heritage, Japan, Tokyo Disneyland, Kyoto Temples','https://theworldtravelguy.com/wp-content/uploads/2020/04/DSCF4872.jpg',32450,'adventure'),(159,'Summit Sojourn: Japans Peaks','Experience the magic of Japan with a delightful journey that combines the enchantment of Tokyo Disneyland and the historical richness of Kyoto Temples. Immerse yourself in the whimsical world of Disney magic, explore centuries-old temples, and enjoy the scenic beauty of Mount Fuji. This tour offers a perfect blend of fantasy, cultural heritage, and natural beauty, making it an unforgettable adventure in the Land of the Rising Sun.',5,800,'USD','2024-02-15 00:00:00','2024-02-19 00:00:00','Disney magic, Cultural heritage, Natural beauty, Japan, Tokyo Disneyland, Kyoto Temples, Mount Fuji','https://en.japantravel.com/photo/poi-38-214160/1200x630/osaka-osaka-castle-214160.jpg',34500,'adventure');
/*!40000 ALTER TABLE `tour` ENABLE KEYS */;
UNLOCK TABLES;

--
-- Table structure for table `tour_accom`
--

DROP TABLE IF EXISTS `tour_accom`;
/*!40101 SET @saved_cs_client     = @@character_set_client */;
/*!50503 SET character_set_client = utf8mb4 */;
CREATE TABLE `tour_accom` (
  `tourId` int NOT NULL,
  `accomId` int NOT NULL,
  `roomNum` int NOT NULL,
  PRIMARY KEY (`tourId`,`accomId`),
  KEY `accomId` (`accomId`)
) ENGINE=InnoDB DEFAULT CHARSET=utf8mb4 COLLATE=utf8mb4_0900_ai_ci;
/*!40101 SET character_set_client = @saved_cs_client */;

--
-- Dumping data for table `tour_accom`
--

LOCK TABLES `tour_accom` WRITE;
/*!40000 ALTER TABLE `tour_accom` DISABLE KEYS */;
/*!40000 ALTER TABLE `tour_accom` ENABLE KEYS */;
UNLOCK TABLES;

--
-- Table structure for table `tour_activity`
--

DROP TABLE IF EXISTS `tour_activity`;
/*!40101 SET @saved_cs_client     = @@character_set_client */;
/*!50503 SET character_set_client = utf8mb4 */;
CREATE TABLE `tour_activity` (
  `tourId` int NOT NULL,
  `activityId` int NOT NULL,
  `startDate` datetime NOT NULL,
  `duration` int NOT NULL,
  PRIMARY KEY (`tourId`,`activityId`),
  KEY `activityId` (`activityId`)
) ENGINE=InnoDB DEFAULT CHARSET=utf8mb4 COLLATE=utf8mb4_0900_ai_ci;
/*!40101 SET character_set_client = @saved_cs_client */;

--
-- Dumping data for table `tour_activity`
--

LOCK TABLES `tour_activity` WRITE;
/*!40000 ALTER TABLE `tour_activity` DISABLE KEYS */;
/*!40000 ALTER TABLE `tour_activity` ENABLE KEYS */;
UNLOCK TABLES;

--
-- Table structure for table `tour_dest`
--

DROP TABLE IF EXISTS `tour_dest`;
/*!40101 SET @saved_cs_client     = @@character_set_client */;
/*!50503 SET character_set_client = utf8mb4 */;
CREATE TABLE `tour_dest` (
  `tour_id` int NOT NULL,
  `dest_id` int NOT NULL,
  PRIMARY KEY (`tour_id`,`dest_id`),
  KEY `dest_id` (`dest_id`)
) ENGINE=InnoDB DEFAULT CHARSET=utf8mb4 COLLATE=utf8mb4_0900_ai_ci;
/*!40101 SET character_set_client = @saved_cs_client */;

--
-- Dumping data for table `tour_dest`
--

LOCK TABLES `tour_dest` WRITE;
/*!40000 ALTER TABLE `tour_dest` DISABLE KEYS */;
INSERT INTO `tour_dest` VALUES (1,1),(15,1),(21,1),(56,1),(59,1),(96,1),(99,1),(136,1),(139,1),(1,2),(21,2),(23,2),(56,2),(57,2),(96,2),(97,2),(136,2),(137,2),(15,3),(23,3),(56,3),(57,3),(58,3),(96,3),(97,3),(98,3),(136,3),(137,3),(138,3),(22,4),(57,4),(58,4),(59,4),(97,4),(98,4),(99,4),(137,4),(138,4),(139,4),(22,5),(58,5),(59,5),(98,5),(99,5),(138,5),(139,5),(6,6),(10,6),(13,6),(60,6),(63,6),(100,6),(103,6),(140,6),(143,6),(6,7),(60,7),(61,7),(100,7),(101,7),(140,7),(141,7),(6,8),(11,8),(17,8),(60,8),(61,8),(62,8),(100,8),(101,8),(102,8),(140,8),(141,8),(142,8),(13,9),(61,9),(62,9),(63,9),(101,9),(102,9),(103,9),(141,9),(142,9),(143,9),(62,10),(63,10),(102,10),(103,10),(142,10),(143,10),(2,11),(15,11),(23,11),(64,11),(67,11),(104,11),(107,11),(156,11),(159,11),(2,12),(7,12),(17,12),(64,12),(65,12),(104,12),(105,12),(156,12),(157,12),(7,13),(11,13),(64,13),(65,13),(66,13),(104,13),(105,13),(106,13),(156,13),(157,13),(158,13),(7,14),(17,14),(65,14),(66,14),(67,14),(105,14),(106,14),(107,14),(157,14),(158,14),(159,14),(66,15),(67,15),(106,15),(107,15),(158,15),(159,15),(3,16),(12,16),(68,16),(71,16),(108,16),(111,16),(144,16),(147,16),(3,17),(8,17),(10,17),(12,17),(16,17),(68,17),(69,17),(108,17),(109,17),(144,17),(145,17),(3,18),(10,18),(68,18),(69,18),(70,18),(108,18),(109,18),(110,18),(144,18),(145,18),(146,18),(8,19),(10,19),(16,19),(69,19),(70,19),(71,19),(109,19),(110,19),(111,19),(145,19),(146,19),(147,19),(8,20),(12,20),(70,20),(71,20),(110,20),(111,20),(146,20),(147,20),(4,21),(18,21),(72,21),(75,21),(112,21),(115,21),(148,21),(151,21),(4,22),(18,22),(72,22),(73,22),(112,22),(113,22),(148,22),(149,22),(4,23),(9,23),(14,23),(20,23),(72,23),(73,23),(74,23),(112,23),(113,23),(114,23),(148,23),(149,23),(150,23),(9,24),(14,24),(20,24),(73,24),(74,24),(75,24),(113,24),(114,24),(115,24),(149,24),(150,24),(151,24),(9,25),(14,25),(20,25),(74,25),(75,25),(114,25),(115,25),(150,25),(151,25),(5,26),(19,26),(76,26),(79,26),(116,26),(119,26),(152,26),(155,26),(5,27),(18,27),(19,27),(20,27),(76,27),(77,27),(116,27),(117,27),(152,27),(153,27),(5,28),(19,28),(76,28),(77,28),(78,28),(116,28),(117,28),(118,28),(152,28),(153,28),(154,28),(19,29),(77,29),(78,29),(79,29),(117,29),(118,29),(119,29),(153,29),(154,29),(155,29),(78,30),(79,30),(118,30),(119,30),(154,30),(155,30),(24,31),(27,31),(52,31),(55,31),(80,31),(83,31),(120,31),(123,31),(24,32),(25,32),(52,32),(53,32),(80,32),(81,32),(120,32),(121,32),(24,33),(25,33),(26,33),(52,33),(53,33),(54,33),(80,33),(81,33),(82,33),(120,33),(121,33),(122,33),(25,34),(26,34),(27,34),(53,34),(54,34),(55,34),(81,34),(82,34),(83,34),(121,34),(122,34),(123,34),(26,35),(27,35),(54,35),(55,35),(82,35),(83,35),(122,35),(123,35),(28,36),(31,36),(48,36),(51,36),(84,36),(87,36),(124,36),(127,36),(28,37),(29,37),(48,37),(49,37),(84,37),(85,37),(124,37),(125,37),(28,38),(29,38),(30,38),(48,38),(49,38),(50,38),(84,38),(85,38),(86,38),(124,38),(125,38),(126,38),(29,39),(30,39),(31,39),(49,39),(50,39),(51,39),(85,39),(86,39),(87,39),(125,39),(126,39),(127,39),(30,40),(31,40),(50,40),(51,40),(86,40),(87,40),(126,40),(127,40),(32,41),(35,41),(44,41),(47,41),(88,41),(91,41),(128,41),(131,41),(32,42),(33,42),(44,42),(45,42),(88,42),(89,42),(128,42),(129,42),(32,43),(33,43),(34,43),(44,43),(45,43),(46,43),(88,43),(89,43),(90,43),(128,43),(129,43),(130,43),(33,44),(34,44),(35,44),(45,44),(46,44),(47,44),(89,44),(90,44),(91,44),(129,44),(130,44),(131,44),(34,45),(35,45),(46,45),(47,45),(90,45),(91,45),(130,45),(131,45),(36,46),(39,46),(40,46),(43,46),(92,46),(95,46),(132,46),(135,46),(36,47),(37,47),(40,47),(41,47),(92,47),(93,47),(132,47),(133,47),(36,48),(37,48),(38,48),(40,48),(41,48),(42,48),(92,48),(93,48),(94,48),(132,48),(133,48),(134,48),(37,49),(38,49),(39,49),(41,49),(42,49),(43,49),(93,49),(94,49),(95,49),(133,49),(134,49),(135,49),(38,50),(39,50),(42,50),(43,50),(94,50),(95,50),(134,50),(135,50);
/*!40000 ALTER TABLE `tour_dest` ENABLE KEYS */;
UNLOCK TABLES;

--
-- Table structure for table `tour_meal`
--

DROP TABLE IF EXISTS `tour_meal`;
/*!40101 SET @saved_cs_client     = @@character_set_client */;
/*!50503 SET character_set_client = utf8mb4 */;
CREATE TABLE `tour_meal` (
  `tourId` int NOT NULL,
  `restId` int NOT NULL,
  `timeSuggest` datetime NOT NULL,
  PRIMARY KEY (`tourId`,`restId`),
  KEY `restId` (`restId`)
) ENGINE=InnoDB DEFAULT CHARSET=utf8mb4 COLLATE=utf8mb4_0900_ai_ci;
/*!40101 SET character_set_client = @saved_cs_client */;

--
-- Dumping data for table `tour_meal`
--

LOCK TABLES `tour_meal` WRITE;
/*!40000 ALTER TABLE `tour_meal` DISABLE KEYS */;
/*!40000 ALTER TABLE `tour_meal` ENABLE KEYS */;
UNLOCK TABLES;

--
-- Table structure for table `tour_trans`
--

DROP TABLE IF EXISTS `tour_trans`;
/*!40101 SET @saved_cs_client     = @@character_set_client */;
/*!50503 SET character_set_client = utf8mb4 */;
CREATE TABLE `tour_trans` (
  `tourId` int NOT NULL,
  `transId` int NOT NULL,
  PRIMARY KEY (`tourId`,`transId`),
  KEY `transId` (`transId`)
) ENGINE=InnoDB DEFAULT CHARSET=utf8mb4 COLLATE=utf8mb4_0900_ai_ci;
/*!40101 SET character_set_client = @saved_cs_client */;

--
-- Dumping data for table `tour_trans`
--

LOCK TABLES `tour_trans` WRITE;
/*!40000 ALTER TABLE `tour_trans` DISABLE KEYS */;
/*!40000 ALTER TABLE `tour_trans` ENABLE KEYS */;
UNLOCK TABLES;

--
-- Table structure for table `transportation`
--

DROP TABLE IF EXISTS `transportation`;
/*!40101 SET @saved_cs_client     = @@character_set_client */;
/*!50503 SET character_set_client = utf8mb4 */;
CREATE TABLE `transportation` (
  `id` int NOT NULL AUTO_INCREMENT,
  `type` varchar(255) NOT NULL,
  `additionInfo` varchar(255) NOT NULL,
  `demoImage` varchar(255) DEFAULT '',
  PRIMARY KEY (`id`)
) ENGINE=InnoDB AUTO_INCREMENT=16 DEFAULT CHARSET=utf8mb4 COLLATE=utf8mb4_0900_ai_ci;
/*!40101 SET character_set_client = @saved_cs_client */;

--
-- Dumping data for table `transportation`
--

LOCK TABLES `transportation` WRITE;
/*!40000 ALTER TABLE `transportation` DISABLE KEYS */;
INSERT INTO `transportation` VALUES (1,'Car','SEAT Ateca, SUV, 5 seats','https://m.atcdn.co.uk/a/media/w1024/f8cf794aa7394d9f9e76c5c505b62b9c.jpg'),(2,'Car','Mazda MX-30, SUV, 5 seats','https://m.atcdn.co.uk/a/media/w1024/5971f1fac8454f849a0d2576dfdea5f7.jpg'),(3,'Car','Volkswagen T-Roc, SUV, 5 seats','https://m.atcdn.co.uk/a/media/w1024/5971f1fac8454f849a0d2576dfdea5f7.jpg'),(4,'Car','Renault Arkana, SUV, 5 seats','https://m.atcdn.co.uk/a/media/w1024/6a76b032772b4e43989e7a93a10c3f61.jpg'),(5,'Car','Hyundai TUCSON, SUV, 5 seats','https://m.atcdn.co.uk/a/media/w1024/6a76b032772b4e43989e7a93a10c3f61.jpg'),(6,'Car','Audi A1, Hatchback, 5 seats','https://m.atcdn.co.uk/a/media/w1024/7d0d952d774643d395cc9205a81438f4.jpg'),(7,'Car','DS AUTOMOBILES DS 9, Saloon, 5 seats','https://m.atcdn.co.uk/a/media/w1024/b6aeab54c96947faab8ff1d5741d08a3.jpg'),(8,'Car','Mercedes-Benz V 300d Extra Long Avantgarde Edition, MPV/VAN, 8+ seats','https://storage.prod.alpha-analytics.dev/resize/178c055f-e7f8-4779-a0f6-5566e9e8d440?ts=1701749781&width=1201&height=901&fit=inside&withoutEnlargement=false'),(9,'Van','Volkswagen T6 Transporter, Cargo VAN, 8+ seats','https://storage.prod.alpha-analytics.dev/resize/a5167c9a-d963-42c2-9d9e-95dbdf0e9cf0?ts=1701744327&width=1201&height=901&fit=inside&withoutEnlargement=false'),(10,'Van','Volvo XC90 B5 AWD Ultimate, SUV / offroad, 6+ seats','https://storage.prod.alpha-analytics.dev/resize/e61f689c-80f7-48ea-ac82-426f13f2406d?ts=1701750175&width=1201&height=901&fit=inside&withoutEnlargement=false'),(11,'Van','Volkswagen T6 California DSG Beach, Carge VAN, 6+ seats','https://storage.prod.alpha-analytics.dev/resize/d23e220d-19c9-4d4d-b94c-56e04421da7d?ts=1701752245&width=1201&height=901&fit=inside&withoutEnlargement=false'),(12,'Van','Peugeot 5008 130, SUV / offroad, 6+ seats','https://storage.prod.alpha-analytics.dev/resize/ee612170-a2f0-43a5-9398-a77d2fdfa495?ts=1701750445&width=1201&height=901&fit=inside&withoutEnlargement=false'),(13,'Airplane','Emirates Airline','https://w7.pngwing.com/pngs/39/709/png-transparent-boeing-737-next-generation-boeing-777-airbus-a380-airbus-a330-boeing-767-emirates-airline-mode-of-transport-airplane-aerospace.png'),(14,'Airplane','Aviance Airline','https://w7.pngwing.com/pngs/768/560/png-transparent-boeing-737-next-generation-airbus-a330-boeing-767-airbus-a320-family-airplane-boeing-787-mode-of-transport-airplane-flight.png'),(15,'Airplane','Qatar Airline','https://w7.pngwing.com/pngs/340/214/png-transparent-airbus-a320-family-airbus-a330-boeing-737-boeing-777-boeing-767-qatar-airways-airline-mode-of-transport-airplane-aerospace-engineering.png');
/*!40000 ALTER TABLE `transportation` ENABLE KEYS */;
UNLOCK TABLES;

--
-- Table structure for table `user`
--

DROP TABLE IF EXISTS `user`;
/*!40101 SET @saved_cs_client     = @@character_set_client */;
/*!50503 SET character_set_client = utf8mb4 */;
CREATE TABLE `user` (
  `id` int NOT NULL AUTO_INCREMENT,
  `role` varchar(255) NOT NULL,
  `email` varchar(255) NOT NULL,
  `password` varchar(255) NOT NULL,
  `created` datetime DEFAULT NULL,
  PRIMARY KEY (`id`)
) ENGINE=InnoDB AUTO_INCREMENT=3 DEFAULT CHARSET=utf8mb4 COLLATE=utf8mb4_0900_ai_ci;
/*!40101 SET character_set_client = @saved_cs_client */;

--
-- Dumping data for table `user`
--

LOCK TABLES `user` WRITE;
/*!40000 ALTER TABLE `user` DISABLE KEYS */;
INSERT INTO `user` VALUES (1,'user','hieunguyen@gmail.com','$2b$10$EvggYuv1mY.ER6JkRyjc9uz3x0koF8gE.g7dzhYoyTzFbPBQUD.H.','2023-12-12 04:27:54'),(2,'admin','hieutrung@gmail.com','$2b$10$NuEBH9YqBvBvJ6B8z4bUOuffgStNEik2g9jWMy/99s8lOfeusxzUu','2023-12-12 04:31:13');
/*!40000 ALTER TABLE `user` ENABLE KEYS */;
UNLOCK TABLES;
/*!40103 SET TIME_ZONE=@OLD_TIME_ZONE */;

/*!40101 SET SQL_MODE=@OLD_SQL_MODE */;
/*!40014 SET FOREIGN_KEY_CHECKS=@OLD_FOREIGN_KEY_CHECKS */;
/*!40014 SET UNIQUE_CHECKS=@OLD_UNIQUE_CHECKS */;
/*!40101 SET CHARACTER_SET_CLIENT=@OLD_CHARACTER_SET_CLIENT */;
/*!40101 SET CHARACTER_SET_RESULTS=@OLD_CHARACTER_SET_RESULTS */;
/*!40101 SET COLLATION_CONNECTION=@OLD_COLLATION_CONNECTION */;
/*!40111 SET SQL_NOTES=@OLD_SQL_NOTES */;

ALTER TABLE accommodation ADD CONSTRAINT `accommodation_ibfk_1` FOREIGN KEY (`destId`) REFERENCES `destination` (`id`) ON DELETE CASCADE ON UPDATE CASCADE;
ALTER TABLE activity ADD  CONSTRAINT `activity_ibfk_1` FOREIGN KEY (`destId`) REFERENCES `destination` (`id`) ON DELETE CASCADE ON UPDATE CASCADE;
ALTER TABLE customer ADD CONSTRAINT `customer_ibfk_1` FOREIGN KEY (`user_id`) REFERENCES `user` (`id`) ON DELETE CASCADE ON UPDATE CASCADE;
ALTER TABLE destination ADD CONSTRAINT `fk_orders_customers` FOREIGN KEY (`countryId`) REFERENCES `country` (`id`);
ALTER TABLE payment ADD CONSTRAINT `payment_ibfk_1` FOREIGN KEY (`user_id`) REFERENCES `user` (`id`) ON DELETE CASCADE ON UPDATE CASCADE;
ALTER TABLE restaurant ADD CONSTRAINT `restaurant_ibfk_1` FOREIGN KEY (`destId`) REFERENCES `destination` (`id`) ON DELETE CASCADE ON UPDATE CASCADE;
ALTER TABLE tour_accom ADD CONSTRAINT `tour_accom_ibfk_1` FOREIGN KEY (`tourId`) REFERENCES `tour` (`id`) ON DELETE CASCADE ON UPDATE CASCADE;
ALTER TABLE tour_accom ADD CONSTRAINT `tour_accom_ibfk_2` FOREIGN KEY (`accomId`) REFERENCES `accommodation` (`id`) ON DELETE CASCADE ON UPDATE CASCADE;
ALTER TABLE tour_activity ADD CONSTRAINT `tour_activity_ibfk_1` FOREIGN KEY (`tourId`) REFERENCES `tour` (`id`) ON DELETE CASCADE ON UPDATE CASCADE;
ALTER TABLE tour_activity ADD CONSTRAINT `tour_activity_ibfk_2` FOREIGN KEY (`activityId`) REFERENCES `activity` (`id`) ON DELETE CASCADE ON UPDATE CASCADE;
ALTER TABLE tour_dest ADD CONSTRAINT `tour_dest_ibfk_1` FOREIGN KEY (`tour_id`) REFERENCES `tour` (`id`);
ALTER TABLE tour_dest ADD CONSTRAINT `tour_dest_ibfk_2` FOREIGN KEY (`dest_id`) REFERENCES `destination` (`id`);
ALTER TABLE tour_meal ADD CONSTRAINT `tour_meal_ibfk_1` FOREIGN KEY (`tourId`) REFERENCES `tour` (`id`) ON DELETE CASCADE ON UPDATE CASCADE;
ALTER TABLE tour_meal ADD CONSTRAINT `tour_meal_ibfk_2` FOREIGN KEY (`restId`) REFERENCES `restaurant` (`id`) ON DELETE CASCADE ON UPDATE CASCADE;
ALTER TABLE tour_trans ADD CONSTRAINT `tour_trans_ibfk_1` FOREIGN KEY (`tourId`) REFERENCES `tour` (`id`) ON DELETE CASCADE ON UPDATE CASCADE;
ALTER TABLE tour_trans ADD CONSTRAINT `tour_trans_ibfk_2` FOREIGN KEY (`transId`) REFERENCES `transportation` (`id`) ON DELETE CASCADE ON UPDATE CASCADE;

-- Dump completed on 2023-12-12 12:11:26
